User ID,Name,Date of Birth,Gender,Email,Phone Number,Address
52HH,George Cannon,1933-11-12,Male,davidwheeler@example.com,+1-797-519-2371x9603,"1110 Danielle Ford
Riceshire, AR 70689"
6AV8,Levi Brewer,1983-07-25,Female,operez@example.com,392.220.3555,"Unit 5116 Box 6128
DPO AP 75854"
614W,Joe Tran,1940-05-18,Female,john31@example.org,610-345-4277x0721,"79164 Nguyen Isle Apt. 574
Josephport, MI 05026"
OJLR,Kelly Bennett,1971-03-03,Male,joshua87@example.com,729-649-7746,"Unit 9643 Box 0812
DPO AP 18655"
AMRD,James Greer,1942-01-17,Female,john32@example.org,001-986-337-6580,"9141 Townsend Roads
North Barbaraborough, NY 86662"
LH44,Johnny Dickerson,1982-03-29,Female,fgarcia@example.org,570-264-5614x5550,"089 Jennifer Camp
Hancockburgh, VA 27347"
HE7E,Steven Torres,1984-05-01,Female,brownchad@example.net,(726)541-4098x83488,"08388 Emma Locks
Lake Davidside, VI 96638"
CTHM,Emily Martinez,1984-05-29,Female,whitedavid@example.org,001-353-800-2993x799,"08754 Anderson Unions
North Ellenville, NY 74493"
TX1O,Vincent Nichols,1969-10-14,Male,teresanewman@example.com,001-990-857-6015,"60708 Mccarty Garden Suite 168
Hernandezfort, OR 99797"
I0UK,Christopher Taylor,2003-03-26,Female,fadams@example.com,361-323-7793,"31522 Waters Viaduct
Smithchester, OR 41119"
MNV2,Lindsay Adams,1996-03-11,Male,michaelbrown@example.com,(836)277-5653,"75310 David Extension Apt. 274
Chelseafort, VT 54394"
1XHN,Brian Smith,1956-05-31,Female,daniellehoward@example.org,268.497.6857x1976,"7661 Le Estate Suite 334
Kyleshire, KS 85085"
N4YQ,Beverly Molina,1968-03-01,Male,andersondavid@example.com,001-685-429-9413x548,"4750 Christian Loop
Kurtchester, TX 49500"
WQR7,Mercedes Bradley,1947-05-21,Female,spearsangela@example.org,(417)471-8102x41123,"881 Larry Meadows
South Matthew, MT 57182"
Y4PS,Theresa Roberts,1988-11-16,Male,rodneycarr@example.com,001-581-624-1564x06172,"780 Anderson Coves Apt. 264
East David, MI 27784"
GIQB,Taylor Sharp,1985-06-21,Female,rebecca38@example.org,630.491.9263x10620,"4724 Howard Crescent Apt. 409
South Amy, PW 22837"
3VUR,John Kelley,1939-01-18,Female,deborah69@example.net,4822845478,"2541 Contreras Road
Steveshire, ID 59464"
WCQJ,Cynthia Donaldson,1973-04-23,Male,wmartin@example.com,001-556-800-3111,"99288 Luis Fords
Port Andrewtown, NJ 75285"
9KY6,Miguel Mann,1989-07-13,Male,dshepherd@example.org,001-581-912-6484x637,"60736 Carolyn Fields
Phillipview, UT 19668"
HSHE,George Bennett,1941-12-02,Male,ilee@example.com,254.746.1957x713,"82386 Rhonda Flat Apt. 059
Danielchester, VT 47291"
JKE1,Tonya Bishop,1995-06-13,Female,umorris@example.org,+1-872-496-6199x4766,"085 Kelly Square Apt. 902
Johnsonmouth, GU 68018"
WIUT,Ann Reed,1986-07-03,Female,simpsonjames@example.net,644.235.3110x378,"614 Jones Coves Apt. 392
West Christophershire, RI 61290"
UHI1,Levi Martin,2001-04-16,Female,jeffrey48@example.com,(732)572-1500x67106,"20756 Booker Rapid Suite 291
Rangelfort, RI 92733"
9IXK,Tyler Reilly,1978-03-05,Male,ocabrera@example.com,2818447810,"3615 Misty Circles
Farmerville, AR 74003"
6HAF,Jared Cooper,1967-02-06,Female,annleblanc@example.net,001-598-594-1488x31735,"231 Young Mall Suite 753
Port Geraldport, KY 10233"
WSRA,Bianca Williams,1955-07-13,Male,snydercharles@example.org,(494)747-5017x780,"76038 Adrian Locks Apt. 265
Katherineview, MA 41525"
4KBK,Gregory Scott,1944-02-28,Male,brittney05@example.net,+1-584-522-2112x5198,"0760 Gomez Forest
Lake Larry, TN 02621"
WMW7,Brenda Lopez,1937-04-22,Female,mcmahonjohn@example.org,908-691-7214,"042 Brown Curve Apt. 118
Jesusville, HI 26183"
DKLY,Scott Larsen,1997-12-27,Female,carolgonzales@example.net,+1-509-359-7354x78994,"538 Warner Road
East Eric, ID 18931"
9GE7,Kimberly Jones,1993-02-03,Male,colleen86@example.org,+1-660-962-2143x22315,"77406 Victoria Lights Apt. 448
Andreberg, SC 18339"
7JNS,Gina Hernandez,1976-09-22,Female,alexanderterry@example.net,(941)946-2208x89313,"604 Gina Mills
East Hollyville, AK 21514"
RQZ5,Jamie Rivera,1940-01-06,Female,hmartin@example.com,(574)895-1802x7570,"956 Robin Dam
Lake Nicholas, CO 71411"
7WRZ,Danielle Simpson,1976-11-11,Female,cynthia10@example.org,610-314-1099x569,"149 Melissa Mountains Suite 595
North Jeffreyberg, MA 42088"
EZKJ,John Garza,1974-08-21,Female,vhernandez@example.net,958-508-5428,"050 Oliver Junction
Jenniferburgh, PR 94491"
F47A,Matthew Donovan,1977-08-30,Male,scottchristopher@example.net,377-449-4683x6120,"901 Ball Land
South Arthur, MO 88403"
6RAW,Julie Johnson,1961-03-13,Male,lynnangela@example.com,+1-737-459-3744,"912 Williams Forges
Jacksonborough, AZ 87122"
Y5DG,Paige Johnson,1958-06-26,Male,saundersbianca@example.org,(371)428-3423,"3738 Bautista Gateway
Gregoryview, OH 24840"
CI12,Amanda Owens,1989-04-08,Female,aliciagonzalez@example.net,449.580.2219x127,"USNV James
FPO AA 90005"
0YR1,Colin James,1997-10-27,Female,barronrussell@example.net,5933685462,"83259 Jones Burgs Suite 122
Peterville, NE 14836"
O4MS,James Hudson,2000-08-29,Female,isaac99@example.org,001-550-211-8238,"7057 Chavez Radial
Vincentchester, DE 07222"
XTCG,Donna Sharp,1991-11-15,Male,upollard@example.net,619.245.5552,"4025 Michael Manors Apt. 758
Wilsonbury, ID 04094"
X8MW,Malik Gibson,1962-06-02,Male,williamcabrera@example.net,708-543-6880,"938 Ware Vista
Gordonland, FM 61964"
5AE1,Jacob Mason,1948-02-24,Female,josephmiller@example.org,595-590-4286,"3958 Rodriguez Junctions Suite 588
West Robert, OR 82604"
324G,Justin Jackson,1953-03-21,Male,bailey94@example.com,6883039012,"66847 Morales Route Apt. 950
New Matthewchester, DE 68573"
XT64,Hannah Farmer,1936-08-26,Male,brandibolton@example.org,(499)895-5663x865,"934 Spencer Creek
Lake James, WY 25347"
UW5J,Ashley Moore,1953-01-24,Male,christopher24@example.org,587.868.0433,"47943 Sara Overpass Apt. 721
Kaylastad, GU 46747"
ITIM,Melanie Martinez,2000-05-23,Male,vasqueztyler@example.com,832-249-6056x72045,"361 Bryan Grove Suite 905
West Rachael, PW 70197"
SV3C,Joe Smith,1954-06-25,Female,julia03@example.net,(685)396-4913x078,"289 Jones Road
West Rebeccashire, LA 58321"
CJVX,Shane Bishop,1972-12-31,Female,danielsoto@example.org,9147941938,"283 Lewis Camp
Transhire, UT 31388"
CUQH,Ryan Rowe,1968-05-03,Male,emilycarney@example.com,457-744-5631x3064,"Unit 1368 Box 4271
DPO AA 27285"
JKU2,Michael Stephens,1936-08-29,Female,rjimenez@example.com,001-423-209-4639x786,"88719 Johnson Freeway Apt. 679
Hunterville, ME 59130"
QNVF,Victor Hanna,1960-03-27,Female,gsanchez@example.com,741.368.9308x3531,"0014 Calhoun Station Suite 760
Sandovalstad, DE 27963"
AFPO,Robert Myers,1991-09-23,Female,brandonjohnson@example.com,+1-625-780-4928x148,"94259 Mark Place
South Leah, NV 43159"
W9IS,Ashley Smith,1936-01-28,Female,dennis71@example.com,262-476-7775x4257,"574 Mark Ferry Apt. 571
Port Parker, GA 62900"
G9I2,Juan James,1984-12-10,Male,ilee@example.com,(652)647-5372,"421 Taylor Canyon
Lake Thomas, DE 23986"
L1I1,Daniel Smith,1995-12-31,Female,hughesstephen@example.com,466.547.4246x51381,"3673 Amanda Garden Apt. 509
West Scottmouth, MS 54623"
9V6Y,Mark Anderson,1986-01-18,Male,davidguerrero@example.com,4858861948,"24520 Massey Turnpike
Lake Samuel, GU 99551"
L1PK,Katherine Steele DVM,1963-06-04,Female,morrismelissa@example.org,246-266-8739x1746,"6150 Zachary Port
New Erica, IN 81131"
IJCY,Lisa Trujillo,1986-06-24,Male,cassandra91@example.com,(880)272-4407,"58712 Atkins Lake Suite 058
Lake Jamesbury, MH 27098"
51BJ,Sara Harmon,1973-10-27,Female,kennethbarnes@example.org,+1-680-613-9532x10540,"07466 Fry Expressway Suite 934
Port Deannabury, NJ 71764"
CTFS,Andrew Reyes,1974-12-26,Male,jamesmills@example.org,+1-430-244-0111x554,"50020 Kelsey Course
Nathanview, HI 93603"
L2AN,Heather Williams,1935-06-25,Male,marcus75@example.org,5748061018,"2379 Nichols Bypass Suite 909
East Patriciaview, PA 83897"
CQOF,Rhonda Brown,1974-08-03,Male,sharpwhitney@example.com,(506)554-6024,"USS Miller
FPO AA 83161"
UR34,Eddie Powell,1940-01-17,Male,josephwatson@example.net,580.278.1042x519,"22871 Shea Junction Apt. 535
Taylorborough, FL 91549"
KZ6P,Douglas Brown,1984-10-22,Female,williamsvictoria@example.com,+1-472-545-0345x0297,"3338 Raymond Greens
Deborahstad, WV 58546"
9R6F,Robin Chase,1939-06-08,Female,martinmichael@example.net,246-559-8474,"9741 Brandon Cliff
North Pennymouth, MD 87889"
MNK8,Autumn Boyd,1936-09-28,Male,tammy21@example.com,975.436.3620,"36451 Lacey Loaf
Lake Tanyaport, NV 89041"
Z7F5,John Rodriguez,1948-06-25,Male,jenna63@example.com,001-957-491-9515,"1051 Debra Centers
Houstonport, OR 84460"
CVHI,Emma Sullivan,1949-06-21,Female,ataylor@example.org,(870)888-0694,"2647 Evan Views Apt. 944
New Jane, VI 04284"
P23B,Raymond Bell,1960-02-07,Male,bakerjason@example.com,581-697-6553x79356,"042 Erika Parkway Apt. 478
North Steven, NH 59068"
BQR0,Shane Brown,1990-09-27,Female,cthomas@example.org,3029998614,"35102 White Loaf Apt. 879
Timothyview, AL 96280"
OC9N,James Lawson,1970-05-09,Female,josemartin@example.com,001-244-545-9835x778,"0882 Gomez Freeway
South Rachel, GU 70899"
GTF2,Rachael Gaines,1990-07-20,Male,dclark@example.com,999.574.9780,"44999 Graham Ways
Lake Ericfurt, WI 74106"
B3UG,Janet Walker,1971-11-01,Female,timothycarlson@example.org,719.429.0451,"Unit 4613 Box 9122
DPO AP 42533"
3LP4,Roberto Hatfield,1998-01-01,Female,preynolds@example.com,4685709869,"71854 Lauren Stream
Manningbury, FM 54171"
XFAX,Jeffery Richardson,2006-03-24,Female,ajohnson@example.net,558-837-0590x235,"330 Lauren Centers
West Valerieburgh, AL 71843"
8M4J,Julia Wilson,1945-02-27,Female,jdelacruz@example.org,575.506.1494x82034,"64168 Bass Mission Suite 633
North Deborahport, OH 24208"
9YRM,Kevin Hogan,1951-12-16,Female,ereid@example.org,852-788-6132x73453,"058 Wilkerson Radial Suite 885
South Lindsayshire, VT 30944"
O47M,Justin Crawford,1967-08-22,Female,brenthebert@example.net,971.548.8265x9670,"386 Jones Forks Apt. 825
South Martinfort, MP 62020"
44EQ,Kristopher Anderson,1960-10-13,Female,kimberly47@example.org,+1-667-789-9768x092,"465 Amanda Mountains
Jessicaport, AL 64305"
XN6Q,Julie Hughes,1981-01-14,Male,benjamincarney@example.com,(789)941-1259,"7572 Jim Trafficway Apt. 476
Youngburgh, MD 25866"
33DG,Rodney Hogan,1992-01-19,Male,hernandezsarah@example.net,463.831.0858x703,"23968 Heidi Port
Robinhaven, AL 25446"
5GSZ,Gary Rhodes,1973-11-25,Female,catherineroy@example.net,(292)822-1123x44207,"USS Stone
FPO AE 16285"
S0V1,Cameron Hale,1976-07-19,Male,jimenezkristy@example.net,+1-207-631-8553,"851 Silva Shore
Lake Jaredfort, AS 12766"
A2Y1,Heidi Davis,1983-08-03,Male,ihuff@example.com,001-300-700-4477x38531,"387 Marc Road Suite 765
West Marissa, NH 06910"
LJD0,Tina Anthony,1940-06-21,Male,bcruz@example.com,(923)427-4495,"866 Jones Tunnel
Melissabury, AK 70979"
L9DG,Ronald Rivera,1991-02-13,Male,stephanie82@example.net,273.705.7633x6003,"769 Matthew Streets
East Chelsea, NE 96994"
2LCV,Tracy Wong,1979-10-18,Female,johnsontheresa@example.net,+1-983-824-7691x75463,"70698 Adrian Ranch
Lake Kevin, PR 93335"
KPKS,Jaclyn Norton,1988-01-14,Male,paynechristopher@example.com,+1-686-788-4272x4157,"600 Daniels Island Apt. 212
Port Justin, AR 48961"
XFJ5,Eric Gallagher,1937-07-18,Female,tammymann@example.com,488.733.4653,"Unit 4225 Box 3000
DPO AP 60073"
U41P,Daniel Steele,1962-09-17,Female,stephanievelazquez@example.org,9392039447,"104 Bailey Walk
North Andrew, AZ 09852"
HB4U,Karen Mclaughlin,1945-02-03,Male,kyle48@example.com,371-885-4923,"020 Pena Run
Phamburgh, AR 68254"
CPOD,Mark Rodriguez,1937-10-20,Female,qsalas@example.org,790.748.9541,"369 Stacey Street
North Raymond, NJ 16188"
KQT0,Gregory Day,1992-10-21,Female,danielleclark@example.com,923.430.8806x591,"USS Johnson
FPO AA 82293"
FB4S,Gerald Huber,1971-11-25,Male,iross@example.com,826-289-6835,"5341 Jones Villages Suite 614
South Josetown, MS 54017"
WP3T,Michael Sanchez,1942-09-26,Male,sshepherd@example.com,+1-268-917-4476x29994,"828 Anna Springs Suite 375
Morganbury, MA 60664"
QF9B,Joshua Acosta,1981-01-20,Male,sharrell@example.net,892.957.1769x9384,"48488 Steven Isle Apt. 743
North Bobby, CT 21346"
3ZRL,Jordan Gaines,1997-02-26,Male,phillipstimothy@example.org,001-326-681-2306x186,"0538 Hall Villages
Johnville, UT 22285"
FI2Z,Karen Miller,1966-09-08,Female,joe01@example.com,+1-518-762-5158x5411,"96079 Christopher Gardens Apt. 177
East Timothy, OK 58017"
RANH,Deborah Nelson,1988-01-18,Female,elizabethsimon@example.org,954.577.4035,"88459 Keith Gateway
South Alyssatown, HI 43307"
1QAL,Robin Johnson,1951-07-23,Female,oboyd@example.net,(543)736-1873x62590,"590 Richard Village
New Tyler, DC 36177"
0EG4,Deborah Fischer,1958-06-11,Female,gtaylor@example.net,9964912581,"039 Brown Street Apt. 304
West Michellemouth, UT 06431"
CXWS,Benjamin Baker,1987-09-06,Female,jwood@example.net,001-307-348-3321x858,"04219 Danielle Spurs
Mariahside, NJ 93093"
1P1R,Carolyn Parsons,1969-07-11,Female,nelsonseth@example.net,+1-938-960-8659x96452,"513 Janet Passage Apt. 317
Shawnfurt, MS 19056"
VSIF,Holly Le,1960-07-25,Female,alan60@example.com,320-738-7791,"7064 Craig Junction
Port Marissafort, UT 77664"
3SJL,Shelly Griffin,1974-04-22,Male,wgonzalez@example.net,(241)239-1457x7043,"21808 Sandoval Knoll Apt. 647
Kristyborough, NY 49047"
KK2Z,April Gregory,1995-09-15,Female,logan52@example.org,+1-476-858-0343,"5190 Marilyn Trail
Kathleentown, NH 61279"
834U,Aaron Richard,1963-11-20,Male,judithsexton@example.org,001-935-997-7406x67594,"31471 Andrea Causeway
Guerrerotown, IN 18105"
EVO5,Lori Booth,1954-03-21,Male,jarias@example.net,+1-949-371-6790x2978,"49280 Randy Crest Apt. 990
Jaredchester, KS 42058"
7X5V,Jessica Smith,1942-06-13,Female,woodardlauren@example.com,4883871177,"4303 Paul Village
Port Thomasfort, VT 74188"
U9UZ,Julie Whitney,1969-11-17,Male,liuchristopher@example.org,(571)673-5335,"USNS Strickland
FPO AA 43215"
5CKR,Kathleen Thompson,1987-11-26,Female,emurray@example.org,973.452.4094x559,"34495 Brent Stream
Amandastad, RI 93999"
H9T9,Tina Hayes,1960-02-06,Female,yanderson@example.com,+1-355-605-7445x138,"9365 Brenda Ports Suite 691
New Jessicastad, ND 55379"
W47U,Jake Adams,1975-01-28,Female,sophiabooth@example.net,349.734.7676x1652,"816 Jodi Cape Suite 282
Jenniferland, SD 09485"
L6WZ,Erin Mooney,1948-01-09,Male,ostewart@example.com,+1-691-509-1980x1736,"563 Roger Valley Suite 266
Port Suzanne, ID 30569"
3ZHI,Evelyn Townsend,1950-02-20,Female,lisa18@example.org,829-830-1874,"35397 Dana Islands Apt. 714
New Wendy, ME 37316"
3T7C,Christopher Hammond,1977-10-08,Female,davidjohnson@example.org,219-316-0913x1819,"48930 Rice Isle
Brittanyburgh, DE 60680"
PTAT,Willie Dean,1976-02-21,Female,johnfrank@example.net,+1-852-312-7926x503,"6792 Samantha Ridges
Timothystad, TX 67276"
56A7,Julie Owen,1997-06-14,Female,wcarson@example.com,001-692-261-1033x46461,"224 Christopher Shore
Lopezmouth, WA 45669"
C735,Amber Hendricks,1978-07-03,Female,dmassey@example.org,(493)586-5509,"548 Brandon Pines Apt. 024
Pennyburgh, HI 31739"
SAKX,William Bennett,1960-08-29,Male,yruiz@example.net,(467)768-2559,"313 Gay Highway
New Dustintown, SC 91597"
JD0R,Kenneth Garcia,1978-03-30,Female,asilva@example.com,328.894.7359,"6577 Avila Pike Apt. 681
New Garretttown, VA 58957"
7UFF,Elizabeth Small,1981-09-17,Female,tiffanywood@example.org,+1-809-490-3765,"011 Martinez Underpass
Lake Raymond, WI 24515"
CZ4V,Todd Perry,1969-01-24,Male,melody28@example.net,(815)557-7223,"118 Jenkins Mountains
East Justin, OH 06206"
8X9G,Martha Greene,1947-07-11,Male,nicholas18@example.com,+1-370-631-0989x10928,"USNS Mills
FPO AE 81344"
EOSB,Joshua Ortega,1974-10-25,Male,karmstrong@example.net,384-308-0139,"8709 Lawrence Coves
New Thomasside, WA 17398"
96AT,Christopher Brown,1981-10-15,Female,ymartin@example.org,(613)659-8701,"USCGC Deleon
FPO AE 22392"
HAEV,Rebecca Mueller,1959-09-18,Male,hicksmichael@example.net,(475)399-5152,"01658 Wright Fork
Charlesfort, IL 55273"
KLY9,Mr. Bryan Fowler MD,2003-08-26,Male,yshields@example.org,5225762861,"PSC 7890, Box 7293
APO AA 53398"
7HAF,Miranda Arias,1958-01-01,Female,fgrant@example.org,001-348-625-0692x5199,"88055 Owens Garden Suite 137
Lake Timothy, ND 40044"
7FK5,Christine Ochoa,2000-05-01,Male,terrencesmith@example.org,001-665-469-0333,"5669 Brandy Via
North Hollystad, PR 37722"
7VRR,Ethan Jarvis,1940-01-15,Male,samanthajennings@example.org,943-963-6242x38286,"703 Rogers Wall
West Karen, OR 84345"
8TOA,Nathaniel Jackson,1983-03-19,Male,julianbrown@example.net,(235)599-4103,"90527 Virginia Trace
Gregoryberg, UT 57227"
QDT7,Bryan Clark,1969-01-15,Female,eduardo40@example.org,815-598-7154x348,"192 Antonio Creek
North Jacobborough, NY 54199"
2ZFA,Christy Walker,1997-08-30,Male,clinton58@example.com,001-915-892-4722x18009,"6826 April Trace Apt. 890
Lake Monica, AZ 28104"
NWVS,Amanda Freeman,1946-09-13,Female,murphyjessica@example.com,001-279-553-7713x70969,"327 Terri Ways Suite 192
Kimberlyhaven, WV 55437"
NK3F,Brian Bauer,2003-01-06,Female,kathryn81@example.net,960.537.7374x854,"410 Williams Run Suite 082
Nelsonport, CT 22914"
5ENI,Theresa Romero,1953-05-09,Male,margaret54@example.org,(423)712-0606x530,"26535 Martinez Key Apt. 434
Port Alexfurt, GA 93749"
1YBN,Kiara Deleon,1974-02-16,Female,dianamiller@example.net,720-281-7522,"5741 Holt Gateway Suite 075
Christianton, AK 13352"
OZUV,Donna Miller,1970-07-27,Male,kyle13@example.net,8826203004,"97065 Shaw Drives
Carriemouth, NE 40984"
51FE,David Evans,1981-02-23,Male,jessicabridges@example.org,673-638-0757,"27673 Jeffrey Locks
Smithchester, MP 16883"
I3DK,Yolanda Lester,1981-07-09,Male,cbooker@example.org,(460)820-7513x254,"657 Karen Turnpike Apt. 971
New Shelby, MD 02503"
W6XA,Colleen Baker,1993-08-30,Male,stonejoshua@example.net,001-318-845-2411,"054 Jonathan Crossroad Suite 630
Butlerton, SD 63405"
Y0NM,Nicole Fields,1978-09-09,Female,kbarrera@example.com,(769)839-8748x407,"449 Vicki Island Apt. 961
Hayesshire, LA 66615"
XPAX,Alyssa Allen,1941-04-25,Female,garyshaw@example.com,(395)476-7460x228,"83896 Patricia Viaduct
Whitestad, GU 23223"
L1VH,Richard Castillo,2001-07-19,Female,kennethmartin@example.com,724.969.0806x4303,"2275 Maria Mission Suite 508
Jenniferland, MO 09731"
S8II,Debbie Hernandez,1961-12-01,Male,harrisonmonica@example.net,604.414.2211x952,"3985 Angela View
Crawfordview, PA 92719"
HBT4,William Landry DDS,1952-06-03,Male,juliabennett@example.net,+1-909-586-5875x28496,"87356 Moore Point Apt. 779
Lake Jesusberg, IL 39822"
BZUZ,Debra Cook,1963-10-18,Female,lauriechandler@example.net,+1-770-289-5783x3884,"663 Petersen Expressway
Christopherton, PR 93785"
UTFY,Theresa Lin,1993-02-12,Female,rioslisa@example.com,+1-809-223-3517,"15326 Monica Well Apt. 593
Jasmineside, VA 59991"
84FD,David Taylor,1967-12-26,Male,tolson@example.org,770.673.8006,"92938 Steve Hill
New Angel, HI 87508"
YVHH,Angel Summers,1999-03-10,Male,garrettelizabeth@example.org,+1-272-526-5579x29634,"85908 Wheeler Hills
Marybury, TX 71000"
EFZ3,Stephanie Ruiz,1993-10-29,Female,owenbianca@example.org,215-497-5886x29525,"18549 Allison Cove Suite 023
Michaelburgh, NH 96590"
WE2B,Dawn Clarke,1946-02-21,Male,hallmike@example.com,8922275063,"448 Villanueva Prairie
Raymondmouth, NJ 30688"
QMGV,Frank Carter,1958-07-18,Male,jennifer99@example.net,+1-578-427-2424x47405,"752 Guzman Wall
West Mandyview, TX 20896"
FX4A,Emily Lopez,1938-08-12,Male,erinriley@example.com,+1-684-235-2393x403,"PSC 0798, Box 7235
APO AE 85907"
OLTV,Nathan Greer,1968-04-19,Male,john00@example.org,607-940-6606x60229,"15192 Gutierrez Ville
South Claudia, SC 13643"
3AYU,Tony Thompson,1984-10-19,Female,jennifer96@example.org,(761)534-4799x02748,"64764 Harris Islands
Lake Brenda, AS 19481"
YH69,Gregory Holmes,1970-08-06,Female,jenniferbrown@example.org,682-210-0288,"Unit 5097 Box 0108
DPO AE 86818"
EJTR,Michael Smith,1948-04-14,Male,rodrigueztimothy@example.org,846-813-4281,"70526 Alice Inlet
South Monicaville, TX 93503"
G5QT,Steven Khan,1966-09-14,Female,acox@example.net,886-312-5743x1912,"60214 John Valleys Suite 414
Ricardoberg, ID 39364"
3FH0,Angela Little,2005-06-18,Female,marciawilkerson@example.net,001-870-941-3479x7443,"85793 Tyler Roads Suite 520
Fordburgh, MN 80916"
TBOI,Paula Robertson,1979-08-19,Female,nicholaswatson@example.net,706-534-6745,"227 Patrick Brook
Lake James, MO 08074"
J1OY,Rose Glass,1939-09-09,Male,louissmith@example.org,234-481-8048x645,"USNS Munoz
FPO AP 92653"
FZ6P,Martin Fisher,1995-12-10,Female,carolmorgan@example.com,661-205-5075x2427,"8098 Cunningham Mews Apt. 877
Brayland, UT 03516"
3YVR,Douglas Cunningham,2006-02-21,Male,kingclaudia@example.com,357-414-7221,"PSC 7722, Box 3092
APO AA 62848"
68XM,Juan Anderson,1980-01-14,Male,curtis79@example.org,(758)524-2540,"344 Nelson Rapid Apt. 780
Donaldburgh, FM 08026"
DCZY,Elizabeth Harris,1970-04-08,Female,gflores@example.com,001-665-457-8534x99108,"0074 Jeffrey Courts
Westmouth, AK 90961"
T109,Ian Johnson,1949-11-21,Male,monica19@example.com,(719)215-3492,"7081 Justin Glens Suite 711
Mariamouth, OK 39398"
8ZRK,Jonathan Olson,1998-05-17,Female,robertphillips@example.org,472-559-5451x545,"86855 Jerome Mountains
Williamland, MP 15275"
8EBU,Matthew Boyd,1942-11-02,Male,crystal71@example.net,(515)223-4661,"10082 Tami Avenue Apt. 168
Louishaven, PW 90980"
2WM3,Joseph Meyer,1959-06-23,Male,bfoster@example.org,(384)803-6514x16113,"2572 Evan Centers Suite 993
Wilsonborough, LA 53261"
XFJC,Brianna Harris,1943-01-24,Female,brooksmarcus@example.org,(612)514-3956x285,"488 Christine Spring
Mosleymouth, NJ 30549"
6P61,Mr. Zachary Castillo MD,1987-12-01,Male,jvance@example.org,506-918-0071x6851,"698 Michelle Parks Suite 057
Brandtland, DC 96146"
66CO,Kevin Hernandez,1949-01-25,Male,garciarachel@example.net,(304)541-8373x328,"5947 James Highway Suite 867
Ashleymouth, MP 81228"
K25G,Tonya Anderson,1968-09-22,Female,stevenwilliams@example.net,7262590566,"445 Whitehead Dale Apt. 280
West Ashley, VA 76792"
BM00,Patricia Mccann,1985-09-24,Female,williamstroy@example.com,001-442-922-3818x144,"6930 Timothy Loop
West Jasmineview, UT 31143"
MY5D,Glenn Huffman,1973-12-12,Female,ashlee34@example.org,224.587.5160x342,"841 Brown Spurs Apt. 677
Robertland, ME 15996"
UXQK,Katie Hughes,1994-07-02,Female,david40@example.com,938-327-7072,"Unit 7771 Box 8509
DPO AP 43821"
5X2J,Jessica Short,1970-05-21,Female,wilsonpamela@example.net,203-607-9041x1024,"4951 Tucker Prairie
Mooreton, KY 54412"
S91N,Tracie Jackson,1938-04-19,Male,audreysmith@example.com,(648)310-6072x04166,"99418 Morris Knoll
New Aaron, SD 62716"
F93D,Dennis Garza,1970-06-04,Female,jamie65@example.net,001-655-889-0965x87783,"630 Tammy Valley
Lisashire, CA 96015"
LA0B,Samantha Dodson,1997-02-08,Male,rossmichelle@example.net,(733)939-6907x844,"872 Lawrence Squares Apt. 140
Howardstad, TN 80020"
PXW1,Todd Hull,1959-12-01,Female,pcampos@example.org,001-593-928-4587,"Unit 2191 Box 0375
DPO AP 08511"
M6KF,Jennifer Mack,1950-01-26,Female,elizabethreynolds@example.net,+1-959-505-2601x8333,"997 Ramos Grove
Rodriguezport, UT 57396"
2O3U,Brandon Willis,1945-08-07,Male,qclarke@example.org,001-235-438-6487,"426 Valerie Port Apt. 182
Lake Elizabethfurt, LA 61614"
4BMK,Kelly Gonzalez,1940-09-08,Female,yvalencia@example.org,+1-317-282-6622,"7570 Shawn Villages
Melissafort, UT 14446"
A7JL,Christine Weber,1961-01-30,Male,suzannefoster@example.net,001-360-549-0665x2997,"639 Rodriguez Island Suite 528
Lake Crystal, PR 14827"
IZU8,Kathleen Young,1967-01-18,Male,william84@example.com,+1-836-877-7669,"1754 King Ranch
Blackfurt, ND 68578"
LE73,Lacey Ramirez,1993-09-01,Male,miguel43@example.org,(581)853-7570x363,"036 Samantha Crest
Saraberg, KY 26863"
UYXD,Ronald Raymond,1940-02-18,Female,wlowe@example.com,4716277878,"774 William Vista
Murraybury, UT 28406"
2QQN,Emily Quinn,1948-05-28,Male,danielbarnes@example.net,346-987-5813x456,"597 Evans Springs
Allenshire, NC 61841"
SNZS,Ronald Morrow,2005-03-20,Male,cynthiaramirez@example.net,+1-505-204-8308x6304,"406 Rubio Place
Robertburgh, NV 89149"
Y721,Miss Autumn Becker,1970-09-15,Male,allison08@example.net,+1-711-893-2176x31898,"514 Chase Mission
West Erica, CA 51195"
9KHA,Carlos Morales,1943-01-04,Female,ggriffin@example.com,868.904.2822x62466,"08968 Webb Spring Apt. 814
Brendaberg, AZ 72867"
EL1D,Paula Hoffman,1973-01-02,Male,thompsonamanda@example.com,513.223.7682,"3558 Taylor Ports Apt. 078
Shelleystad, CO 49287"
T5L1,Luis Scott,1980-07-14,Female,julia39@example.com,670-491-0713x40356,"PSC 5027, Box 8294
APO AP 88961"
31WM,Jose Brady,1994-10-10,Female,ylopez@example.net,399-629-7355x2895,"03998 Andrew Stream
North Gabriella, WV 06354"
VI5K,Lisa Villegas DDS,1952-12-26,Male,michael84@example.com,3406501790,"Unit 0030 Box 1260
DPO AA 78646"
W32F,Mrs. Monica Stuart,1959-05-27,Male,jessica42@example.com,+1-944-850-4072x656,"3174 Michelle Highway
North Jonathan, AR 10509"
XAH1,Erin Preston,1944-02-17,Female,melissa75@example.org,(674)868-4690x89731,"95167 Cynthia River Suite 951
Elizabethmouth, AS 25546"
EVSP,Michael Johnson,1939-04-14,Female,georgepayne@example.com,(504)207-2215,"7678 Hinton Brooks Apt. 478
Longville, ND 96049"
K028,Lucas Lawrence,1989-07-22,Male,lydia07@example.com,328.689.1767,"18045 Melissa Mission
Durhamtown, MH 65236"
OHS2,Ricky Smith,1987-08-26,Female,jsimpson@example.net,001-911-628-7679x4029,"480 Brown Drives Apt. 480
South Davidfort, ID 90278"
S2IE,Benjamin Levine PhD,1963-06-15,Female,samantha99@example.net,527.394.4027,"82957 Cox Pine Suite 197
Codyhaven, WI 19563"
9V74,Derek Lane MD,1978-10-03,Male,uross@example.com,+1-808-541-7950x00285,"25094 Richardson Mountains Suite 539
Lake Mariahshire, SD 96185"
JHDZ,Ian Bell,1977-06-05,Male,morganjohnson@example.net,+1-267-760-2724x26932,"077 Knight Forks
Adriennebury, MS 06251"
I31L,Michael Dean,2002-11-01,Male,codycruz@example.org,674-973-0491x627,"71289 Dodson Park
Port Kyle, AL 80507"
TXQX,Kendra Elliott,1991-04-10,Female,onguyen@example.com,288.884.8314,"USNS Estrada
FPO AE 15708"
J9V6,Miss Kimberly Garner,1974-05-19,Male,michaelsmith@example.net,700.361.1123x97418,"4061 Jones Parkway
Frederickfort, IL 49781"
M8O3,Brittany Marshall,1939-12-13,Male,margaret92@example.com,438-997-0892x913,"4586 Melanie Overpass
East Bobby, CO 61175"
FTJB,Tiffany Melendez,2003-08-16,Male,kbuchanan@example.net,849-572-9322x730,"784 Megan Point
Lake Sandra, MI 76367"
AO9T,Joanna Carson,1979-06-03,Female,jasonlara@example.com,001-714-856-9045x6293,"04277 Marilyn Cape
Julieport, SC 58924"
XSD3,Jamie Black,1995-05-30,Male,katrina99@example.com,460-680-7557x73928,"46994 Graham Springs
Port Teresaside, IN 57199"
WR8W,Christopher Morrison,1975-12-21,Male,kennethmendoza@example.org,796-500-6790x2876,"0014 Jackson Plains
Patriciachester, WV 01492"
JSXV,Arthur Ryan,2002-05-17,Female,davisaaron@example.net,(916)595-0904,"USS Haynes
FPO AA 79961"
W4AQ,Jonathan Ford,1948-03-21,Male,marcus61@example.net,001-808-668-3433,"26773 Melissa Walk Apt. 996
South Lisa, MA 34310"
1FXP,Wendy Moore,1979-08-11,Female,bradleyowen@example.net,+1-677-596-5620x572,"7225 Tucker Squares Suite 537
East Janetfurt, SC 35095"
LPF8,Mrs. Connie James DDS,2004-01-01,Male,ihanson@example.com,(452)305-8227,"882 Atkinson Wells Suite 117
East Tinahaven, AS 35690"
PRUJ,Stephen Higgins,1955-05-07,Male,bnewman@example.org,(373)419-8192,"2006 Dominguez Shore
East Jonathanfurt, RI 63646"
UE19,Leon Kelley,1961-02-08,Female,colemanbrianna@example.org,001-522-723-2469x783,"16960 Gibbs Estates Apt. 428
Jessicabury, CO 81864"
87SQ,Mary Huang,1947-07-14,Male,baileymonica@example.org,(535)798-3955x826,"80349 Zachary Mount Suite 501
East Chelsea, CT 48255"
4BV6,Christina White,1996-07-25,Male,michelle21@example.net,825-404-9992,"35651 Shepard Street
Romeroburgh, MD 26318"
RBEW,Brian Marsh,1954-02-09,Male,christinatate@example.com,2322087996,"55032 Jones Pike
Ballview, IN 32360"
D1BA,Lori Thomas,1960-05-04,Male,annettecampbell@example.com,+1-884-361-7123x9889,"0470 Schmidt Forges
New Meganchester, WI 19498"
FISQ,Alicia Weaver,1982-10-11,Female,wbell@example.com,657-396-6327x42783,"4790 Mccoy Orchard Suite 650
Lake Margaretbury, NC 49409"
CU10,Lisa Barry,1960-08-10,Female,murraymicheal@example.com,(568)820-9451,"32172 Jeffrey Grove
South Nicholaschester, FL 11482"
VV8M,Vickie Smith,1937-10-29,Female,kerri58@example.com,226.358.6716x1330,"4849 Jeffery Ways Apt. 275
North Christina, UT 42612"
HSXO,Paul Jackson,1977-11-03,Male,williambenson@example.org,4304237940,"17312 Simmons Parks Suite 545
Zimmermanshire, MP 04371"
DE8C,Connie Moore,1992-06-28,Female,martin48@example.com,951-461-3625,"46564 Miranda Greens
East Brandiview, ME 22153"
VMJC,Kimberly Lane,1958-10-10,Female,msparks@example.org,(953)692-3822x988,"4454 Jimenez Path
South Patricia, NY 95185"
47JB,Phillip Smith,1982-01-09,Male,hickslauren@example.net,412.656.7631,"07707 Michael Fords Suite 841
Littleville, TN 12857"
4XRE,Christopher Mccoy,1973-09-17,Male,jessicahunt@example.org,001-999-276-0207x761,"543 King Street Suite 386
West Rebeccaberg, NH 66579"
NCUF,Rachel Garrison,1950-03-28,Male,jdecker@example.net,379-686-0656,"7165 Tara Centers Apt. 489
Adamsville, OH 09318"
Z42H,Todd Fleming,1981-05-13,Female,campbellcrystal@example.com,287-453-6031x569,"155 Kenneth Fork
Sanchezbury, PR 99271"
97R6,Timothy Holt,1954-05-17,Female,vnorton@example.net,389-367-0798,"82805 Laura Trail
Velasquezhaven, UT 15863"
EDLI,Michael Wagner,1984-08-22,Male,mario06@example.net,+1-795-249-1512x811,"30345 Makayla Divide
East Adrian, MI 68092"
QK95,Michael Combs,1966-08-11,Female,moodymargaret@example.org,8422145498,"7792 Anna Lock Suite 601
Houstonfurt, AK 21932"
4JFV,Ronald Garcia,1957-04-15,Male,lindsey61@example.org,380.572.3778x2404,"74373 Emily Freeway Suite 617
East Stephen, CT 90653"
IFVN,Joshua Moreno,1985-07-13,Male,michaelyoder@example.com,441.797.5670,"3106 Amanda Greens
Fernandofurt, AZ 67762"
HCUU,Laurie Peterson,1983-07-22,Female,michaelwilliams@example.org,661.522.3713,"8768 Perez Ranch
Roberthaven, MH 63512"
S41M,Jose Webb,1934-01-27,Male,kingmelissa@example.com,(439)770-4411,"72593 Jennifer Stravenue Suite 713
Port Brianmouth, AL 53400"
E186,Jacob Frye,1935-02-01,Male,ajackson@example.com,9456364486,"30210 Tara Spur Apt. 141
South Morganville, IA 29452"
M2A7,Jennifer Byrd,1948-09-05,Male,hbowers@example.org,3646825460,"843 Byrd Road Apt. 773
Peggyton, IA 97944"
E2IF,Samantha Alexander,1989-01-14,Female,iwalker@example.net,575-718-8070,"PSC 2980, Box 8717
APO AE 38287"
DMPZ,Kathleen Vincent,1950-11-27,Female,brian99@example.org,913.209.3298x584,"885 Griffin Crest Suite 947
North Sandra, UT 00818"
KR7P,Anthony Anderson,1989-02-22,Female,ramoswilliam@example.org,263.453.0612,"63389 Bernard Dam
West Ryan, MH 57653"
9J1B,Darrell Leonard,1948-06-12,Female,derek31@example.net,880-371-9594x708,"91759 Willie Circle
West Victoria, FL 43123"
SZC8,Tamara Wilson,1958-07-07,Male,michael53@example.net,001-387-892-7014x1552,"6566 Christine Points Suite 733
Lake Jameschester, PA 89248"
LNR9,Anthony Sherman,1979-10-02,Male,cflynn@example.org,617.530.0153,"USNV Mitchell
FPO AA 84227"
U0HM,Carrie Wolf,1953-08-13,Male,kjohnson@example.net,+1-584-529-8433x9865,"49629 Alicia Canyon Apt. 126
Thomasside, MA 00793"
TQLT,Nicholas Brown,1948-07-25,Male,norrisanthony@example.net,8538156950,"81982 Angelica Manor
Stephaniehaven, IL 88389"
TB2Q,Suzanne Simon,1947-01-08,Male,brian48@example.com,(630)840-8727,"1184 Grace Extension
West Justinton, MA 13153"
MI2A,Dennis Hobbs,1974-02-10,Female,mary59@example.net,(952)826-8905x0392,"153 Cheryl Passage
North Linda, IL 39745"
Y6YX,Clarence Sanders,2004-08-05,Female,kyle11@example.net,(774)362-0632x65902,"46741 Davis Forest
New Alexis, VA 75668"
RRYX,Daniel Williams,1996-03-02,Male,jamesleon@example.net,001-960-756-6969,"9885 Zamora Cape Apt. 042
Lake Megan, ID 45967"
7EU8,Richard Mills,1997-01-27,Male,randy55@example.net,230-595-7960x9154,"217 Li Parkways Suite 695
South Joseph, NE 80369"
VR9P,Joshua Hickman,1976-05-03,Male,chengloria@example.com,+1-749-307-2569x770,"23914 West Mews Suite 841
Cabreraland, NM 50148"
B4TQ,Matthew Roman,1962-05-20,Male,jenniferwalters@example.com,001-574-438-5860x9242,"46156 Smith Squares Apt. 229
North Aaronside, NJ 28312"
AQ71,Nicole Bryant,1997-10-08,Male,martinvictoria@example.com,915.407.7062x900,"7846 Munoz Dam Suite 158
North Karenview, NE 79352"
B5TE,Stacy Stanley,1960-10-22,Male,jasonhall@example.net,001-716-437-4663x20179,"5388 Martinez Viaduct
Barbaramouth, OK 75588"
2EHT,Robin Stanley,2000-01-01,Male,jerry91@example.com,918-800-4323x134,"9168 Stein Pass
North Evanfurt, GU 04344"
58NQ,Joshua Henderson,1935-07-02,Male,judith49@example.org,(669)242-3710,"1005 Ayala Isle Suite 735
Jonesburgh, ND 36702"
MSB0,Christine Rodriguez,1945-04-21,Female,lopezsara@example.org,(626)217-7483x2713,"69337 Romero Route
North Renee, MD 17969"
YVO4,Jessica Reilly,1972-09-25,Female,anthony57@example.org,231.842.8351,"30913 Ingram Crescent Suite 062
New Maureenstad, DE 27488"
4LTK,Erika Ellis MD,1989-06-04,Male,vbaker@example.net,+1-325-602-1450,"589 Olson Via
Jenkinsmouth, GU 79161"
2LQC,Tracy Gonzalez,1980-03-26,Male,martinezjulie@example.net,869-820-0686x94571,"5796 Rogers Ferry
Port Justin, LA 37652"
V7QQ,Ashley Andersen,1982-09-06,Female,jenniferrogers@example.org,8959414877,"7356 Thompson Island
Lake Elizabeth, IA 77700"
58OE,Thomas Burgess,1982-11-16,Female,richardchang@example.com,(896)468-2841,"3332 Sean Mills Suite 484
North John, CO 85025"
STIM,Maria Hoover,1980-11-03,Male,ogreen@example.org,(669)341-8823x658,"938 Brown Streets Suite 130
Simonhaven, TX 40937"
GEFL,Emily Smith,1953-06-14,Female,edward67@example.com,939.340.8104x435,"9698 Sherry Passage
East Cameron, NM 89715"
O9GP,Jason Woodard,1966-05-17,Female,zacharygordon@example.net,588-866-8278,"PSC 3054, Box 8986
APO AP 69442"
PO5K,Tiffany Ross,1944-01-27,Female,torresroy@example.net,787.531.3315x722,"728 James Pines
Port Kimberlyville, IN 25114"
1VOT,Mary Allen,1954-10-09,Female,cameron89@example.net,(832)985-0969,"1777 Jeremy Islands
East Christophershire, VI 76500"
2S6K,Gregory Johnson,1934-04-13,Female,levinejonathan@example.org,(522)778-6171,"320 Gail Underpass
South Brenda, PA 09797"
FVRG,Lee Smith,1969-05-18,Female,katie11@example.org,821-424-8371,"7021 Glenda Villages Suite 575
Floresborough, WV 68590"
NNLU,Faith Hill,1985-10-11,Female,angela59@example.net,+1-684-466-4932x6990,"1451 Wilkins Fork
West Lance, MO 47747"
71IE,Shannon Harper,1943-06-26,Female,roberthopkins@example.com,001-601-554-8323x06736,"29787 Ian Prairie Suite 695
West Vanessahaven, IA 92604"
MTLO,Debra Ray,1967-10-16,Female,frazierraymond@example.com,001-879-302-4495,"064 Tyler Burg
East Michelleborough, OK 73061"
6MMB,Peggy Robbins,1954-11-23,Male,delgadonatalie@example.org,291-238-2172x3878,"87887 Greene Ridges
Denisefurt, CA 44999"
LC3T,Grace Giles,1986-05-29,Female,kara96@example.net,368-605-9799,"74260 Blake Villages
Washingtonfort, ME 38787"
FZ83,Lisa Horn,1987-05-10,Female,nathan84@example.org,377.880.0817x77939,"7585 Bowers Streets Suite 360
North Bradymouth, WA 23878"
K21P,Mario Francis,1959-05-27,Female,zyoung@example.net,632.361.3962x47569,"USS Miller
FPO AE 50713"
LCOY,Jeffrey Greene,1998-02-02,Female,srobertson@example.net,4289710869,"578 Joseph Via Suite 379
Port Peter, VI 88766"
DIXE,David Singh,1964-07-14,Female,michaelodom@example.com,851.673.3388,"Unit 7432 Box 6696
DPO AP 44051"
GEUH,Jerome Nash,1933-09-07,Male,davidking@example.org,426.880.6464,"4802 Schmidt Path
Elliotthaven, NE 51160"
AGTO,Mrs. Debbie Dyer,1971-10-11,Male,kerramy@example.org,+1-834-416-0116x954,"6200 Gina Road
Hillburgh, PW 98061"
7GZ2,Maria Garcia,1938-01-03,Male,mtrujillo@example.com,+1-391-916-4503,"09029 Fernando Throughway Suite 840
North Angel, ME 67040"
5ONK,Jessica Proctor,1943-08-22,Female,vanessatapia@example.net,+1-485-315-1286x9916,"53993 Hansen Expressway Apt. 988
Guerrerobury, CT 77789"
LDR3,Ernest Weber,1980-07-17,Male,hollyhowell@example.org,667-705-2024,"94897 Valencia Lights Suite 434
Lake Jeffery, MA 31901"
2FBT,Daniel Davis,1939-07-20,Male,williamrogers@example.org,001-323-384-7169x485,"71408 Lee Cove
Port Jeremy, CO 42397"
UYPL,Stacy Brooks,1988-07-11,Male,jreese@example.org,(645)566-8221x448,"9671 English Common
Kellyport, PA 35180"
I03G,Joseph Torres,1958-03-28,Female,williamsonjason@example.com,(543)608-2101x8340,"55611 Vazquez Rapids
Heathermouth, IL 81923"
4EDN,Bethany Brown,1950-10-10,Male,muellerjordan@example.net,001-605-384-6932x323,"987 Stacy Valleys
North Keith, WV 09267"
IPVU,Amy Campbell,1946-03-04,Female,wellspamela@example.org,222-571-8160x6051,"084 Ashley Haven
Morriston, UT 32978"
OANR,Scott Paul,1939-01-10,Female,kathleenmorales@example.org,240-655-0213x78667,"92058 Shelton Plaza
North Haley, IA 71591"
J7VZ,Madison Fitzgerald,1945-11-18,Male,ywilson@example.net,465-943-5902x06068,"6578 Rodriguez Pines
South Eric, RI 97756"
FP4J,Derek Willis,1969-10-30,Female,langgregory@example.com,469.238.0141,"63812 Walton Fords Suite 897
Christinafurt, KY 10819"
WOTJ,Marcus Norris,1943-04-12,Male,hopkinsjames@example.com,001-945-781-1924x6251,"7234 Paul Ranch
West Amanda, NJ 89442"
V5L9,Ashley Smith,1966-07-27,Male,lopezalicia@example.net,001-879-501-6557x085,"Unit 6577 Box 1605
DPO AP 49536"
NIE3,Joe Browning,1943-07-24,Male,elizabeth62@example.com,+1-664-810-4969x9138,"23743 Veronica Branch
Rogersmouth, VT 18507"
8RD2,Scott Green,1994-01-29,Female,bernardmaria@example.com,409-461-4063x814,"586 Adrian Passage
Lake Nancy, PA 22811"
WGQR,Tamara Dixon,1980-04-04,Female,reynoldsbianca@example.net,001-885-630-6971x30707,"8823 Andrew Stream
North Grace, SC 66977"
MCXA,Rachel Washington,1977-05-13,Male,johnharris@example.org,7122463782,"806 Berg Loop Suite 120
Amandatown, WA 49834"
ELBX,Jamie Cantu,1997-12-22,Male,sperry@example.org,001-394-600-9142x710,"075 Corey Mountain Suite 623
Taylorbury, AS 86841"
6NAV,Eduardo Henderson,1950-05-02,Female,douglaslawson@example.org,+1-231-666-9402x928,"13228 Vasquez Burg
Port Michaelborough, MA 04447"
1CGA,Steven Johnson,1959-07-04,Female,brownerin@example.net,001-705-686-4304,"6680 Williams Keys Apt. 636
Port Codystad, VT 85743"
ZG2S,Lisa Clark,1947-04-12,Female,brandonward@example.net,001-455-202-9145,"7586 Rachael Plains Suite 803
Kelleytown, IL 78488"
TJ5O,Cynthia Skinner,1988-01-16,Male,nathanielrice@example.com,+1-416-229-7524x7014,"33680 Leslie Motorway Apt. 903
Richardton, ND 30492"
Z5IT,Mr. Jeffery Rose MD,1935-07-21,Male,daniel93@example.net,(381)643-3608x810,"PSC 7912, Box 0337
APO AP 80804"
2EWB,Joseph Morris,1954-11-22,Male,john26@example.net,602-909-0196x65076,"677 Brittany Prairie
East Margaret, TX 48937"
RTS4,Rebecca Reyes,1996-12-05,Female,christopher31@example.net,423.512.5104x768,"58139 Johnson Shoal Suite 999
Pittshaven, OH 82749"
01CD,Luis Jones,1972-05-04,Female,ibrown@example.org,558-237-2045x1092,"515 Dunn Glen Apt. 325
North Lindseyshire, NH 01991"
5GNU,Andrew Nelson,1966-07-29,Female,wgray@example.org,+1-532-544-2746x8793,"89284 Rhodes Shoals
Johnbury, CA 02901"
1H8D,Luis Sandoval,1952-03-30,Female,rachael81@example.com,(760)765-2370x8473,"5672 Vasquez Squares
Port Jasmine, KS 98325"
N2OS,Lisa Pena,1995-04-28,Male,alexanderbowman@example.com,687-539-1323x012,"8485 Brooks Row
Martinezfort, MI 84306"
O0X5,Kaylee Peters,1944-02-04,Female,fwhite@example.net,(980)462-3353,"018 Bartlett Stravenue
West Erin, OK 80541"
XTLI,Sarah Patel,2006-07-02,Female,matthewmyers@example.org,001-660-552-0827x2218,"20132 Thomas Center
Andersonberg, IL 66851"
HLOI,Andrew Reynolds,1967-05-29,Female,msmith@example.org,480-517-1267x39560,"3456 Stevenson Inlet
Bowenton, CO 46527"
ULBG,Angelica Cobb,1978-01-09,Male,masonkrista@example.org,(674)781-7306x537,"313 Elliott Lakes
Smithton, VT 45118"
FUJI,Brian Sullivan,1996-04-25,Male,ivargas@example.net,315-522-5806x3476,"2451 Desiree Walks
West Curtis, WV 19423"
PBBZ,Janet Moore,1987-03-22,Female,johnsonbrittany@example.net,895.232.1356x17105,"655 Anderson Knoll Apt. 374
Port Donald, MI 98770"
G8RL,Michael Kelly,1945-12-03,Male,carla21@example.com,+1-793-745-4615,"489 Henry Trail Suite 258
East Jason, FM 24860"
FE4Q,Sharon Garcia,1980-09-24,Male,haynesmatthew@example.net,(699)348-5765x3334,"420 Debra Crossroad Apt. 784
West Anthonybury, CT 98369"
6J0T,John Willis,1990-02-17,Male,kyle61@example.com,(655)303-9486x1940,"858 Michael Ford Suite 828
Wardstad, KS 60984"
4YBR,Steven Phillips,1947-02-05,Male,ghernandez@example.org,711.655.2544x0305,"989 Tran Mountain Apt. 464
Derekland, MP 41073"
UK22,Vincent Watkins,1943-06-30,Female,cwilliams@example.org,459.679.7066x4427,"2462 Howard Drives Suite 587
Elizabethland, KY 08326"
QANM,Alexis Chandler,1947-10-11,Male,edwardwhitney@example.org,001-286-881-1041,"86409 Craig Turnpike Apt. 668
Lake Frankburgh, AL 87665"
A4TA,Andre Sandoval,1979-05-02,Female,benjaminvaughn@example.org,(732)646-9412,"8568 Robert Views Suite 085
Owentown, MS 31462"
RX63,Carolyn Atkinson,1961-11-14,Male,linda30@example.org,(915)387-2471,"48714 Kidd Port Suite 289
Phillipville, NY 46935"
X958,Ernest Turner,1971-07-16,Female,jon07@example.org,273.685.5731,"8083 Jeremy Plains Suite 525
Manuelberg, AL 97227"
IIE0,Matthew Frazier,1951-08-02,Female,thomasknox@example.org,2944787901,"3561 Johnson Fall Suite 091
Lake Johnnychester, KY 71086"
KXKT,Robert Moore,1971-10-12,Female,johnday@example.org,+1-626-864-8044x61316,"4912 Phillips Dam Suite 780
Harrisshire, VT 09088"
DS5E,Christina Cherry,1973-02-15,Female,kevinthornton@example.net,529-486-4558,"78693 Stanley Inlet
Garyhaven, PA 60062"
J90B,Sarah Medina,1998-09-14,Male,melissa54@example.com,001-926-209-7867x152,"40266 Matthew Estates
West Dianabury, WV 09013"
9XVM,Dana Cantrell,1988-12-17,Female,matthew55@example.net,217.486.7975x14702,"452 Jackson Wells
West Carmen, NE 36627"
LQ7U,Yesenia Guzman,1992-05-15,Female,martinezdavid@example.net,955-856-0472x4680,"204 Heather Route Suite 065
North Angelamouth, VI 49621"
YL3W,Jonathan Sanders,1963-08-27,Male,gilesjohn@example.com,218.398.4994x31324,"6976 Martinez Pike Apt. 226
East Kenneth, GU 34132"
MVB1,Suzanne Rodriguez,1976-02-12,Female,pricedavid@example.net,001-569-896-2669,"139 Alex Mission
West Amy, KS 90778"
WW1S,Gary Floyd,1967-12-10,Female,chandlermelissa@example.net,(278)992-4033x8378,"06454 Vaughn Hill
East Kristen, NM 50482"
KWEU,Jason Martin,1952-08-26,Male,jilllong@example.org,657-389-7802x87296,"38342 Susan Ridge Apt. 056
Lake Stephanie, WI 82009"
Q1OE,Dawn Shaw,1944-07-21,Female,heather92@example.net,(253)674-8518,"1510 Francisco Gateway
South Tammy, TX 57355"
KWZP,Jordan Coleman,1941-01-23,Female,joshua08@example.com,+1-622-208-2462x8598,"8869 Holt Pines
Kevinview, MD 82685"
UK12,Dorothy Acevedo,1949-05-01,Male,audrey08@example.org,759.433.7575,"00909 Kelley Flat
North Jennifer, GA 35718"
1TAY,Alison Bell,1936-12-11,Male,riospamela@example.net,001-939-651-6028x58942,"902 Brown Manors
Craigville, MO 19422"
7TYZ,Shane Thompson,1996-04-30,Male,nsandoval@example.com,530.529.6659,"1659 James Vista
Moniqueshire, AR 51499"
9V0V,Tyrone Campbell,1966-03-23,Female,christine68@example.com,447-439-8072x6055,"39820 Walker Lakes Apt. 351
North Rogerview, WI 71068"
VSVB,Kimberly Henderson,2000-08-26,Female,peter91@example.net,3993847515,"PSC 0430, Box 7051
APO AE 35859"
6SFP,Joseph Garcia,1988-06-18,Male,nicholasbennett@example.org,509.336.8191x3262,"641 Green Heights
East Michael, TX 89135"
W3J5,Emily Quinn,1968-05-30,Female,valerie74@example.com,(502)956-5991,"50118 Wendy Forge Apt. 849
Lake Grace, NH 26871"
Q228,Jessica Thompson,1986-07-07,Female,robertjones@example.com,740.525.5471,"049 King Park Suite 442
Port Hayley, NJ 43314"
RQDI,Lisa Clark,1962-05-30,Female,dennishuff@example.net,(474)305-0487x380,"40667 Michael Loaf Apt. 007
East Randallport, WI 90903"
R0QU,Larry Winters,1949-04-17,Male,kevin41@example.net,(917)566-1988x052,"602 Hunt View
East Patriciafurt, WA 94846"
QKAL,Thomas Elliott,1991-10-09,Female,victor06@example.net,634.487.2158x4638,"0355 Ann Plaza
North Jonhaven, NV 98886"
KE1A,Taylor Reed,1934-08-25,Female,howellerika@example.net,442-592-7988x95474,"43092 Hardy Keys Suite 065
Bakerberg, NJ 87006"
N3M3,Michael Long,2005-09-28,Male,yward@example.org,(653)788-3180x90028,"6235 Hall Summit Apt. 611
Lake Kerryburgh, NJ 88030"
DGGK,Brandon Reynolds,1963-09-15,Female,rhancock@example.org,911.932.1543,"PSC 6155, Box 2362
APO AP 80688"
A2M0,Dawn Bradford,1974-01-30,Female,patrickdiaz@example.com,5775021570,"391 Christine Street Suite 719
Port Elizabethland, KY 01431"
K41C,Lori Schultz,1985-05-20,Female,teresa26@example.com,411-482-3575x025,"15812 Farrell Locks
New Donna, SD 25029"
RNJR,Mary Davis,1981-02-15,Male,scottwhite@example.net,(749)435-2713,"092 Henry Ports
Port Regina, CO 22068"
TGSN,Kayla Brown,1935-10-09,Male,angela61@example.net,350-439-9300x1082,"156 Palmer Way
Port Nicolestad, VT 65530"
62NF,Brendan Phillips,1949-06-03,Male,morganjennifer@example.com,922.346.5561,"165 Ali Extensions Apt. 371
Lake Michaelstad, AS 21204"
6ELX,Kathy James,1966-06-26,Female,malonefelicia@example.com,001-278-573-6011,"423 Lee Drive Suite 797
Waltersburgh, WA 98841"
7Q5B,Destiny Diaz,1972-11-04,Female,cainstephanie@example.net,434-633-5336,"791 Keith Estate
Emilyfort, FM 08387"
BU8K,Omar Morgan,1989-03-17,Female,kevingomez@example.net,(495)555-1659,"08913 Scott Brooks
Paynestad, WY 89383"
0LAX,Lynn Carpenter,1983-10-02,Male,iparker@example.net,001-809-679-9006x65607,"Unit 5580 Box 7347
DPO AA 82237"
KPSY,Cynthia Hall,2005-04-08,Female,vhernandez@example.net,(857)458-0486x238,"5590 Joseph Extension Apt. 967
Lake Jeffrey, MI 44975"
FD1W,Sheryl Castillo,2005-10-21,Male,jenniferschwartz@example.net,001-769-996-7003x465,"PSC 3226, Box 3130
APO AA 83287"
7FI3,Jesse Henry,1987-12-17,Male,aguilarandrew@example.com,671-835-0374,"00214 Garcia Track
Ashleyshire, KY 42813"
LYY8,Mary Thomas,1949-09-14,Male,mmarquez@example.com,4698213110,"83649 Luis Trail Suite 867
East Joanne, UT 75336"
207U,Terry York,1938-01-14,Male,jeanneevans@example.net,(455)981-2167,"756 Sheppard Mission Suite 837
Port Jaime, WA 86895"
O8F8,Dr. Amy Leblanc,2004-09-04,Female,ashley40@example.com,+1-674-867-1599x732,"3422 Joshua Drive
Rodriguezport, CT 68031"
U28M,Amy Andrade,1951-09-25,Female,armstrongbrianna@example.org,967.531.4544,"278 Kevin Walk
Whitemouth, AS 29274"
F0T5,David Hendricks,1950-06-27,Female,tanderson@example.net,001-741-581-8437x1874,"840 Sarah Drives Apt. 910
Lake Sharon, TX 96653"
X7Y0,Monica Fowler,1980-11-04,Female,jacob34@example.com,534-969-2232x335,"081 Brown Canyon
Thompsonland, MP 53880"
TI5I,Jesus Murray,1948-10-23,Female,loganmichele@example.com,001-957-853-8236,"0897 Robert Crossing Suite 464
West Christopherberg, CA 26246"
QIQT,Sarah Carlson,1985-01-26,Male,william43@example.net,+1-592-757-2771x186,"9243 Christopher Point Suite 247
West Danielmouth, AS 37973"
FZRQ,Eric Reynolds,1980-07-28,Male,dennis01@example.com,964.849.2784x956,"6576 Kevin Drive Apt. 265
Davisborough, KS 93539"
EERG,Lorraine Rodriguez,1994-10-12,Female,carolynwatson@example.com,971-878-3219,"8019 Johns Mount Suite 890
West Gregory, ND 72381"
SD4K,Donald Lee,1941-06-20,Male,debbiegilbert@example.org,(682)317-1202,"097 Eric Walks
Hallville, MS 06161"
CAKE,Eric Mccoy,1976-05-11,Female,bhahn@example.org,251.587.2307,"2707 Katelyn Mission Apt. 463
West Jocelynburgh, GU 23002"
NPVL,Donna Parker DDS,1960-12-29,Male,sotonicole@example.net,5175414803,"77052 Nash Crescent
Glennton, VI 66510"
GYEA,Sandra Gonzalez,1955-03-09,Female,qpowers@example.org,001-542-308-3334,"357 Dawn Gardens Suite 267
Myersmouth, MA 76907"
5K6L,Lori Patterson,1974-10-29,Male,boydtamara@example.net,5826595961,"55626 Robertson Stravenue Suite 218
New Natasha, KS 62621"
72WT,David Mosley,1971-10-19,Male,dustinhaley@example.org,(502)289-1386x9428,"041 Kathryn Plain Apt. 624
Haleymouth, AK 42572"
MXD0,Stephanie Ingram,1959-03-12,Female,williamslynn@example.net,592-550-3684,"98417 Scott Forest Suite 698
Lake Katherine, MI 40566"
VK8F,Amy White,1978-03-27,Male,williamslauren@example.org,+1-250-478-3310x082,"Unit 9749 Box 3671
DPO AE 13294"
6BH3,Jamie Garrett,1953-04-10,Female,guzmanchloe@example.org,(666)413-1841x90109,"PSC 0505, Box 3527
APO AA 23159"
H4OX,Mallory Griffin,1946-05-11,Male,brownyvette@example.org,+1-754-237-2722x17274,"3129 Zavala Park Suite 519
Websterborough, SD 33147"
CMV6,Laura Hubbard,1979-12-04,Female,smithjeff@example.net,537-475-4953x087,"2506 Sanchez Glens
Franklinland, IL 17181"
P7C8,Jacob Nicholson,1944-03-14,Female,dcompton@example.com,650-790-6394x4635,"9504 Dana Isle Apt. 032
Courtneyport, AR 92654"
WZJK,Joseph Mcmillan,1990-04-29,Female,carpenterdaniel@example.net,7022561408,"1277 Bowman Squares
Amandashire, NV 87500"
LLZT,Michael Smith,2002-04-15,Male,jared55@example.net,001-386-437-8278x88035,"480 Crystal Bridge
Priceshire, HI 10548"
2HCU,Patricia Turner,1943-08-07,Female,andrewhobbs@example.org,714-388-6260,"482 Jeffery Canyon Apt. 841
Donaldtown, MN 79576"
UFX6,Erika Kim,1952-12-26,Male,carlostaylor@example.com,301.202.3148x28415,"206 Ramsey Lock Apt. 606
East Cassandrahaven, MO 73850"
TJOB,Victoria Adams,1953-07-09,Male,trujillomichelle@example.org,+1-441-342-1935x281,"706 Taylor Locks
Smithstad, MH 57858"
44J1,Claudia Jackson,2002-11-01,Male,kirk01@example.com,8265200161,"Unit 7089 Box 1059
DPO AE 04396"
M57K,Samantha Dillon,1939-04-25,Male,tammyjones@example.org,001-248-568-6590x77292,"01023 Jackson Cliffs
Williamstad, CA 45765"
H7EY,Christine Peterson,1981-03-05,Male,ljacobson@example.net,(261)825-0658x408,"350 Hughes Divide Suite 851
West Robert, VT 93427"
1W0Z,Charles Nichols,1968-02-10,Male,hstephenson@example.org,001-629-921-2643,"45316 Ortiz Mission Apt. 052
Port Javier, PW 10314"
DVIA,Donna Bell,1940-07-29,Male,nathaniel79@example.com,364-542-3471x1826,"22226 Matthew Ramp
Baileyland, WV 31977"
DUJR,David Bridges,1971-09-15,Male,terry18@example.org,861-919-5494,"58081 Perez Terrace
Moranland, DC 48121"
5868,Nathan Thompson,1961-12-11,Male,ramirezrandy@example.org,+1-242-552-2669,"USS Stone
FPO AA 87754"
INQG,Natalie Pruitt,1966-10-26,Male,guzmanrachel@example.net,303.483.4258x3782,"34648 Miller Forge Apt. 489
Staceyview, OR 60142"
EFN3,Jeanne Lloyd,1990-12-11,Female,egrimes@example.org,001-926-867-5394x58915,"1095 Nelson Mills Apt. 401
Scottfort, WY 35972"
XRZ9,Melinda Johnson,1957-11-08,Male,mriley@example.com,223.329.4901x93668,"287 Lawrence Lights Apt. 204
Hopkinsfort, HI 95784"
PZVD,William Haas,1969-11-16,Male,johnsonfrank@example.org,+1-673-278-6368x3126,"3424 Derek Well Apt. 916
East Kimberly, DC 72018"
C2FX,Justin Sherman,1934-07-11,Female,cindywilliams@example.net,2733730405,"05243 Smith Fords
Lindamouth, IA 62015"
WJIZ,Jason Burns,1988-05-16,Female,njenkins@example.net,882.541.1195x3778,"127 Peters Route Apt. 022
Jonesfort, LA 49119"
N5Q2,Michele Ward DVM,2003-07-01,Male,maryforbes@example.net,001-889-391-6180,"Unit 7806 Box 6206
DPO AA 64275"
NEHE,Christopher Rodriguez,1987-08-17,Male,moodydana@example.org,001-811-296-9278,"0274 Karen Neck
Josephton, NY 29377"
F6YU,Tony Hoffman,1942-02-15,Male,goodwincasey@example.com,799-302-3008x25446,"754 Gould Well Apt. 095
Port Brian, MH 33245"
G4MF,Patrick Brown,1948-04-19,Male,charles27@example.com,+1-388-698-8042,"045 Neal Parks Apt. 836
Christopherchester, MP 61756"
SWV8,Bryan Osborn,1990-09-05,Male,michellemcgee@example.net,9797692317,"485 Clayton Lake
South Heather, TN 21924"
VKNB,Jason Smith,1975-01-17,Male,adam21@example.net,+1-767-254-6506,"18328 Ford Street Suite 884
New Georgefort, TX 57276"
G4J0,Ronald Robinson,1944-10-19,Male,lisanelson@example.org,765.540.7293x9419,"PSC 9449, Box 6361
APO AA 90869"
ITIV,Jennifer Romero,1977-08-03,Male,wilsonsharon@example.net,001-735-951-5868,"978 Diaz Loaf
South Roybury, FM 20406"
CJIZ,Cassandra Harmon,1997-05-25,Female,branchrobert@example.org,759-883-8585x40036,"0778 Dixon Green Suite 186
Davisborough, CO 09126"
KB33,Michele Ibarra,2004-12-24,Female,jamesbaldwin@example.org,467-759-0672x90597,"903 Melissa Meadow Apt. 500
East Laura, CO 03538"
IU58,Eric Vargas,1997-09-27,Male,henrystone@example.org,001-585-766-5611x0560,"577 Matthew Road
Suttonmouth, MT 71549"
MB37,Regina Daniels PhD,1933-11-03,Female,davisstephen@example.com,+1-906-957-8198,"88979 Joshua Trail Apt. 457
East Matthewview, WV 37933"
PP9X,Michael Hall,1993-05-03,Female,maciasmario@example.com,980-206-7265x37061,"51644 Connor Glen Suite 845
Whitehaven, ND 22775"
CA0D,Bradley Cox,1953-08-06,Female,fosteralexis@example.com,333.619.7556x8934,"62074 Jonathan Brook
South Shannonhaven, OH 79103"
6I87,Mike Smith Jr.,1965-03-08,Male,omcfarland@example.net,217-621-4742,"9822 Gregory Course Apt. 217
South Ashleyside, OH 16442"
EGGD,Crystal Ochoa,1983-10-22,Female,sullivansusan@example.com,(692)787-5161,"800 Regina Station Apt. 177
Fordchester, WY 12593"
ELAP,Jeff Kane,1991-10-09,Female,richardbenjamin@example.com,706-972-7008x322,"8464 Hines Drive
Mitchellside, FM 49645"
97WO,Jessica Mcdonald,1996-09-05,Male,jacob71@example.org,+1-999-761-5503x7327,"05843 Kelly Flats
Hillhaven, VI 38437"
F3I8,Holly Ferrell,1954-01-03,Male,randerson@example.net,001-235-808-1830x268,"3898 Torres Fall
West Richard, VI 81776"
TPNN,Christine Berry,1939-03-06,Female,larrywood@example.com,983-398-8288,"572 Frey Land
Bakerborough, HI 79811"
DAO7,Shelley Ewing,1987-03-07,Male,yhughes@example.com,684-639-2715x7885,"6709 Jimenez Overpass Apt. 585
Logantown, DC 75093"
IY74,Eric Morgan,1934-02-13,Female,meganmoore@example.org,001-204-509-8287x8722,"20726 Cole Wall
Steelebury, HI 85497"
IY8Q,Antonio Thompson,1973-06-02,Female,timothymartinez@example.org,+1-671-273-1758x36879,"9156 Sanders Plain Suite 916
Lake Brittany, KY 75007"
SOMU,Bob Hale,2004-11-28,Male,zbrown@example.net,+1-206-738-9710,"0032 Gonzalez Creek Apt. 769
West Jeffreymouth, MD 65274"
1M4Y,David Armstrong,1999-10-06,Female,rmcknight@example.org,511-865-5949x2094,"409 Natalie Manor
Hunterfort, TN 42737"
PLVF,Amy Patel,1957-03-15,Male,deborah54@example.net,5618279253,"3601 Kenneth Gateway Apt. 819
Duncanchester, MN 14096"
ORRG,Courtney Warren,1996-09-02,Male,deanmatthew@example.com,(808)472-6395x5994,"62362 Wade Fords Apt. 358
New Brandon, OK 87977"
05QK,Eric Reyes,2005-03-27,Male,fritzmadison@example.net,817.317.1659x3015,"430 Stephanie Club Apt. 614
North Larryburgh, MA 80220"
EDFZ,Curtis Palmer,1964-03-14,Female,wbailey@example.com,994.787.6752x31627,"629 Guerrero Bypass
Ruizbury, MO 60023"
LF8N,Kathleen Jones,1976-11-20,Female,linda88@example.net,001-283-835-4354x71166,"78363 Blevins Park Apt. 309
Harveyhaven, TN 54082"
VGJD,Katherine House,1982-09-15,Female,austintroy@example.org,001-359-839-5700x364,"1946 Calhoun Greens
Frankhaven, AK 96294"
SVMN,Eric Stevens,1950-01-18,Female,walkerjessica@example.net,001-823-488-9744x86930,"0822 Lane Burg
Lauraland, KY 85766"
HR8R,Anthony King,1961-07-23,Male,higginscaleb@example.net,001-265-225-9699x93694,"9648 Jessica Stravenue
Lake Melissaville, NY 43211"
JXB6,Reginald Johnson,1992-02-09,Male,hilltoni@example.com,001-255-658-5937x85824,"19478 Neal Summit Suite 624
East Matthew, HI 43637"
0ALE,Billy Phillips,1984-08-15,Female,blakefrancis@example.net,846-846-3666,"688 Danielle Prairie Suite 542
Berryside, VA 38139"
TTOZ,Christopher Mcknight,1954-11-03,Female,sara60@example.org,573.684.5569,"0627 Lorraine Tunnel
Websterburgh, PR 58480"
4JY4,Henry Medina,1953-09-24,Female,jbuchanan@example.com,001-413-789-7572x1889,"843 Courtney Stravenue
Tammyfort, WA 08648"
XQZZ,Shannon Johnson,1950-04-17,Male,foxvictoria@example.org,622-261-6206x4539,"Unit 5586 Box 9534
DPO AP 84603"
FLQI,Andrew Hoffman,1992-11-22,Female,brendamclaughlin@example.org,739-361-7373x757,"99578 Natasha Fields
West Alec, OK 68905"
1WDC,Angel White,1963-03-24,Male,andrewkrueger@example.org,276-450-2828,"0075 Samantha Common
Carpenterfurt, NM 93411"
ZA49,Grant Richardson,1953-11-04,Female,crystal17@example.org,925.790.1328x239,"3180 Noble Mall
Gutierreztown, MN 19811"
HPKN,Joyce Anderson,1971-07-28,Female,sarahgilmore@example.com,+1-741-864-9537x308,"PSC 0240, Box 2963
APO AA 32188"
2A5S,Katie Cole,1956-11-26,Male,crystalcole@example.com,424-478-9475x8159,"77538 Walker Loop
Lake Mitchell, VI 03918"
PRJX,Jasmine Myers,1973-11-19,Male,williamsrichard@example.org,(205)294-6474,"4560 Evan Points Apt. 459
Holmeston, CA 08794"
Y6NX,Lisa Kim,1959-09-13,Female,daniel12@example.org,001-405-924-8608x94637,"083 Perry Junctions Apt. 933
East Philliptown, MS 53369"
6P4Q,Erika Sawyer,1981-02-22,Male,collierlarry@example.net,797.298.2939,"2828 Lauren Port
Martinezton, NH 01436"
HC5T,Misty Butler,1992-08-12,Male,roberto13@example.org,(616)964-5651,"238 Paul Loop
Greenburgh, MT 31438"
W4WW,Breanna Riddle,1983-09-04,Male,brose@example.net,001-634-843-5781x463,"USS Burton
FPO AE 52165"
XYGU,Donna Gonzalez,1996-11-17,Female,thomasrobert@example.net,+1-538-538-5509x832,"12960 Jacob Meadows Suite 319
West Sylviafort, AZ 86856"
3BOJ,Brittany Carr,1986-08-14,Male,jamessteven@example.org,456-510-4198,"5278 Vaughn Fork
Christyshire, CT 30053"
VGVM,Samantha Smith,1986-11-15,Female,kevin99@example.net,+1-432-745-0954x2516,"9906 Kelli Brook Suite 870
Olsenfort, NE 59764"
9P5B,Megan Pena,1963-07-05,Female,jordanreyes@example.com,+1-821-757-0815x927,"04739 Leslie Wells
North Robertoshire, IN 78205"
R7Q3,Joseph Medina,1970-06-25,Male,christopher16@example.org,718.937.8393x879,"699 Johns Drives
South Whitney, HI 60216"
QYAE,Mary Williams,1990-02-22,Female,davidatkins@example.net,(244)975-8086,"451 Fisher Island Suite 092
North Michelle, MT 97516"
3TM7,Brandy Shaw,1989-05-11,Female,rileyrebecca@example.org,975-942-7324x125,"577 Evans Camp
Jeffreyton, OH 90176"
V91E,Jessica Davis,1970-10-23,Female,michellerios@example.org,324.742.1130,"8325 Thomas Keys Suite 632
Montgomerychester, NV 30459"
SCY2,Ashley Mora,1995-11-18,Male,cgarrison@example.org,734-850-5270x0718,"3811 Dawn Fords Suite 744
North Jeremy, MS 06620"
HHQL,Hannah Tran,1971-10-18,Female,tabitha71@example.net,(656)272-1730x64846,"3635 Williams Alley Apt. 126
Edwardport, CA 43526"
NLDW,Stacey Rivera,2001-10-22,Female,hberg@example.net,7478082211,"917 Mueller Causeway
South Ericport, AS 51418"
A77K,Joyce Benitez,1980-10-09,Female,dlawson@example.com,924-487-0958x8663,"578 Moss Oval
Maciasberg, HI 79320"
WV4R,Jeffrey Robles,1995-10-05,Female,teresamartin@example.net,+1-767-203-6433x78317,"0836 Daniel Inlet
Adamborough, VA 03795"
MYOK,Megan Wood,1991-04-12,Male,ivelazquez@example.org,662.938.7426x857,"240 Coleman Stream Suite 849
Lake Georgeville, DC 35678"
AOG7,Pamela Greene,1993-02-04,Female,epena@example.net,420.915.2381x3405,"0037 Sarah Turnpike Suite 649
Noahview, AR 95086"
X62F,Michael Payne,1968-08-26,Male,cindycrosby@example.net,711.395.7914x915,"Unit 1048 Box 2274
DPO AP 74718"
WLDV,Anthony Allen,2002-04-30,Male,aprilsanchez@example.com,231.647.2046x4799,"671 Wilson Throughway Apt. 934
East Brian, GU 12421"
4LB6,Michelle Jordan,1993-03-13,Male,privera@example.org,8494042863,"6639 Snyder Rue Suite 763
North James, OK 96252"
04EX,Russell Lozano,1993-01-12,Male,robert97@example.org,001-239-389-9170,"55717 Warren Summit
Fullerview, PA 01232"
9HWF,Jacqueline Marsh,1947-03-09,Male,briggstina@example.com,210.342.6352x04214,"1347 Blair Ville
Port Stephen, MI 08480"
BHS7,Jeremiah Martin,2004-03-27,Male,salasjennifer@example.com,283-283-8447,"09063 Johnson Squares
East Danielleland, NE 48328"
9651,Craig Butler,1985-11-01,Male,jessica73@example.net,001-944-295-6851x130,"6361 Lisa Islands
Henryhaven, DC 37452"
OI6H,Alexandra Bender,1973-01-07,Female,jacquelinestephens@example.net,405.423.2714,"8149 Chelsea Divide
Joshuaborough, CO 98274"
S7MT,Kimberly Tucker,1952-03-18,Female,perezelizabeth@example.net,2529179794,"95477 Holt Center
Kayleeland, MI 70753"
RBMF,Sarah Valenzuela,1969-11-15,Female,vickiebrown@example.net,409.677.8638x0471,"333 Amanda Loop
New Janetview, KS 35796"
3QSK,Michelle Moran,1966-08-10,Male,middletontracey@example.net,713-312-5588x36592,"7617 Devin Island Apt. 969
Port Adrianbury, IA 50348"
O05W,Bryan Davis,2006-04-16,Male,cartersylvia@example.com,376-423-1335x214,"62944 Douglas Prairie
Fisherfurt, NE 25316"
KGSD,Shawn Ortega,1976-04-28,Female,craig68@example.org,778-645-1281,"925 Peck Drive Suite 980
New Steven, AK 84674"
PX4X,James Brown,1943-01-02,Female,ashley77@example.net,414-829-8618x9287,"469 Clark Mews Apt. 310
Jessicaborough, OK 56524"
OQ59,James Rowe,1934-08-09,Male,joseramos@example.com,229.694.7656x57671,"494 Jacqueline Junction
Hutchinsonfort, AZ 87189"
NK4J,Bailey White,1950-07-02,Male,daniel59@example.org,+1-729-464-2383x4901,"78566 Ronald Island Suite 513
West Jessica, MH 67360"
DM1S,Christopher Benson,1945-01-12,Male,robert67@example.net,393-917-2419x080,"76559 Callahan Lodge Apt. 205
Port Ericbury, WY 12037"
3L7W,Charles Hodges,1950-08-17,Male,susan04@example.com,001-324-426-8073x06703,"800 Jeffrey Squares
Jordanborough, DE 22440"
ZO9A,Lee Thompson DVM,2003-11-23,Female,nathaniel23@example.com,3774250788,"2075 Theresa Locks Apt. 418
Williamchester, PA 05314"
VODR,Marcus Caldwell,1952-07-01,Male,matthewsmith@example.org,4839133669,"93359 Cynthia Island
West William, AL 25335"
XWYY,Victoria Newton,1985-07-09,Male,gomezamanda@example.com,+1-923-337-0158x2561,"26462 Haley Glen
Port Andrew, MH 10995"
UWLP,Matthew Glenn,1971-05-28,Female,cynthia11@example.com,001-787-362-0296,"USNV Vargas
FPO AE 44063"
1JMP,Nicole Ray,1933-12-16,Male,danielsilva@example.com,001-834-644-8592x43729,"Unit 2100 Box 8034
DPO AE 43192"
T2JC,James Vega,1969-11-24,Male,cheryl83@example.net,001-989-666-9722,"869 Kathryn Brooks
Warnerborough, WA 65738"
FXR7,Desiree Steele,1948-04-20,Male,austin10@example.net,001-869-456-5536x9353,"Unit 2273 Box 8121
DPO AE 72384"
3ZRL,Kaitlyn Howe,1954-11-29,Male,higginsmary@example.net,001-850-533-6069x163,"31066 Wong Point Suite 180
Vernonborough, TX 14338"
V6AA,Daniel Huber,1992-12-03,Male,suarezshawn@example.com,2683345537,"1917 Combs Dam
East Jamiehaven, LA 47077"
6360,David Brown,1975-08-22,Female,traceygallegos@example.org,291.867.0789,"88993 Cameron Valley
East Marieton, TN 20365"
