name,image_link,description,best_time_to_visit,how_to_reach,places_to_visit,avg_temp
Goa,https://img.traveltriangle.com/blog/wp-content/uploads/2023/06/Goa.png,"Unarguably, Goa has to be amongst the first few famous places in India in your twenties. Young and energetic! Amazing nightlife, a variety of booze, beach shacks, and dirt-cheap prices – Goa is one of the best holiday destinations in India that makes your trip memorable. If you are thinking about the best ", November to February,"{'By air': ': Dabolim International Airport is the major airport in Goa.', 'By rail': ': Madgaon Railway Station and Thivim Railway Station are the main railway heads of Goa.', 'By road': 'Margao Bus Terminal, Kadamba Bus Terminal, and Mapusa Bus Terminal are the best-connected bus terminals in Goa. However, many people prefer taking a car/bike ride from Mumbai and Pune.', 'By Sea': 'You can also opt for ferry services which is an excellent way of commuting. You can take a ferry from Mumbai to Panaji and easily reach Goa.'}","Beaches like Vagator, Calangute, Anjuna, Colva, & Benaulim, Fort Aguada, Church of Mae De Deus,  Temple of Bodgeshwar, Dudhsagar Waterfalls, St Xavier’s Church, Grand Island (for watersports), Deltin Royale Casino and clubs like Cafe Mambos, Titos, LPK (Love Passion Karma), SinQ, & Club Cubana.",25-30 degrees Celcius
Mcleodganj,https://img.traveltriangle.com/blog/wp-content/uploads/2023/06/Mcleodganj.jpg,The majestic mountains can call tourists to experience the best of what nature has to offer at Mcleodganj – one of the most beautiful places to visit in India. Triund offers a spectacular view of the Dhauladhar ranges. Experience bliss while camping under billions of stars with your friends in Triund. This is among the loveliest , September to June,"{'By air': ': Gaggal Airport (18 km away) is the nearest airport.', 'By rail': 'The nearest railhead is Pathankot Railway Station (89 km away)', 'By road': 'Numerous state government & private buses ply between Mcleodganj and various cities of north India like Delhi, Chandigarh, Dharamshala, etc. regularly. Passengers can take a bus to the Mcleodganj bus stand and then hire a taxi.'}","Kangra Fort, Bhagsunath Temple, Bhagsu Falls, Namgyal Monastery, Dalai Lama Temple complex, HPCA Stadium, tea plantations of Kangra Valley, and Triund trek","5 degrees Celcius in winter, 25 degrees Celcius in summer"
Srinagar,https://img.traveltriangle.com/blog/wp-content/uploads/2023/06/Srinagar.jpg,"If you’re in your twenties, it’s time to add Kashmir to your list of beautiful places in India to visit. If there is heaven on earth, this it is! Experience its charismatic charm before the natural hits and turmoil spoil it all. And when would be a better time to explore flood-hit, terror-stricken heaven on earth if not now?! Explore the ", April to October,"{'By air': 'Srinagar has its own airport.', 'By rail: ': 'The Srinagar Railway Station is under construction. Till then, passengers can take a train to Udhampur Railway Station(229 km from Srinagar)', 'By road: ': 'Unless you are travelling from the city of Jammu & Kashmir, the road is not a preferred way to reach Srinagar.'}","Dal Lake (boating in Shikaras & night stays in houseboats), Nishat Bagh, Shalimar Bagh, Tomb of Zin-ul-Abidin, Jama Masjid, Hazratbal Mosque, and Shankaracharya Hill, Pari Mahal, Indira Gandhi Memorial Tulip Garden",11 degrees Celcius
Andaman,https://img.traveltriangle.com/blog/wp-content/uploads/2023/06/Andaman.jpg,"Scared of water? Never swam? Maybe it’s time to beat the fear out of you, dive into the deep sea and overcome the fear of water and depths, ZNMD Style. Trust us, you’d be delighted at the sites underwater and it will keep you coming back for more. For aqua lovers, these best tourist places in India feel no less than paradise!", November to mid-May,"{'By air': 'Vir Savarkar Airport in Port Blair is the archipelago’s major airport.', 'By sea: ': 'Ships ply between Haddo Wharf Port in Port Blair and the cities of Chennai, Kolkata, and Visakhapatnam.'}","Cellular Jail National Memorial, Radhanagar Beach, Rajiv Gandhi Water Sports Complex in Port Blair, Mahatma Gandhi Marine National Park, Chidiya Tapu, and watersports like scuba diving, snorkeling, & parasailing", 24 degrees Celsius (Min.) and 37 degrees (Max.)
Leh_Ladakh,https://img.traveltriangle.com/blog/wp-content/uploads/2023/06/Leh-Ladakh.jpg,"Undoubtedly, Leh – Ladakh is on every travel enthusiast’s list of famous tourist places to visit in India before they turn 30. Ride on the crazy winding roads, get stuck in the middle of nowhere, sleep with the locals, go ", April to mid-May and mid-September to mid-October,"{'By air': 'Kushok Bakula Rimpochee Airport in Leh is the airport connecting the region to other places by air.', 'By rail: ': 'Jammu Tawi Railway Station (700 km from Ladakh) is the nearest railhead. From here, one can hire a cab or board a JKSRTC bus to Ladakh.', 'By road': 'The most popular means of reaching Ladakh remains to be the road. Travelers can go on a bike/jeep ride to the destination. Bike trips from Delhi, Chandigarh, and Manali are the most popular.'}"," Zanskar Valley, Pangong Tso Lake, Khardung-La Pass, Spituk Gompa, and Hemis National Park",12-15 degrees Celcius
Binsar,https://img.traveltriangle.com/blog/wp-content/uploads/2023/06/Binsar1.jpg,"Peace, jungles, heights, chills, and wildlife, Binsat is a heavenly abode for adventure seekers. All you wildlife enthusiasts out there head to Binsar – one of the rising tourist destinations in India located in the heart of Kumaoni region of Almora for an incredible trip of your lifetime.", October to November,"{'By air': 'There’s a domestic airport in Pantnagar, 152 km from Binsar.', 'By rail: ': 'Kathgodam Railway Station, 119 km from Binsar, is the nearest railway head.', 'By road': 'Buses connect the town with all major neighboring areas.'}","Zero Point, Pariyadeva Pashan, Mary Budden Estate, Binsar Wildlife Sanctuary, Bineshwar Mahadev Temple, and more.", 19.8 degrees Celsius (Max.) and 6.5-degree Celsius (Min.)
Coorg,https://img.traveltriangle.com/blog/wp-content/uploads/2023/06/Coorg2.jpg,Coorg simply cannot be skipped from the list of best and safest places to visit in India. A quick , October to March,"{'By air': 'The nearest domestic airport is in Mangalore, 156 km away. The nearest international airport is the Kempegowda International Airport in Bengaluru, 285 kilometre away.', 'By rail: ': 'Mysore Junction, 106 km away, is the nearest railhead.', 'By road': 'The 238 km long road trip from Bangalore (Bengaluru) takes 5 hours 30 minutes.'}","Abbey Falls, Nalknad Palace, Barapole River, Brahmagiri Peak, Iruppu Falls, Namdroling Monastery, Nagarhole National Park, Microlight flight at Chelavara, ziplining, and angling in River Kaveri", 29-degree Celsius
Kerala,https://img.traveltriangle.com/blog/wp-content/uploads/2023/06/kerala.jpg,"To all the nature lovers out there. A trip to God’s own country is a must in your twenties for its enchanting wilderness. Luscious green trees, pristine water, crazy wildlife experience – visit Kerala for more such wonderful delights.", November to January and June to August,"{'By air': 'Kerala has three main airports – Calicut International Airport, Cochin International Airport, and Trivandrum International Airport. These airports connect Kerala with different cities across the world, such as Delhi, Mumbai, Chennai, Muscat, and Dubai.', 'By rail': 'Thiruvananthapuram Central Railway Station, Ernakulam Junction Railway Station, and Kollam Junction Railway Station are three major railheads of Kerala. These stations connect the state with cities and towns across India.'}","Alappuzha Beach, Krishnapuram Palace, Kumarakom Bird Sanctuary, Marari Beach, Revi Karunakaran Museum, Punnamada Lake, Pathiramanal, and Sri Krishna Temple in Ambalappuzha", 28-degree Celsius
Kanatal,https://img.traveltriangle.com/blog/wp-content/uploads/2023/06/Kanatal1.jpg,"With this rising adventure spot that offers endless opportunities to enjoy thrilling activities clubbed with one of the best camping experiences, weekends will no longer be boring at escapes like Kanatal. Considered to be one of the best holiday destinations in India for all travelers, ", April to June,"{'By air': 'Located at a distance of 92 km, Jolly Grant Airport is the nearest airstrip to Kanatal.', 'By rail': 'Located at a distance of 75 km, Rishikesh railway station is the nearest railhead to Kanatal.'}"," Kodia Jungle, Tehri Lake, Surkanda Devi temple, New Tehri Dam, and more.", 25-degree Celsius
Kasol,https://img.traveltriangle.com/blog/wp-content/uploads/2023/06/Kasol1.jpg,"Here’s why every man should travel solo at least once in his life – Not only will you discover a new you and find a direction for yourself, but you’d return with experiences of a lifetime. And there’s no better place than Kasol, one of the most beautiful places in India. The destination offers you to enjoy in the lap of nature.", October to June,"{'By air: ': 'Bhuntar Domestic Airport (31 km away) is the nearest flight connection.', 'By rail': 'Pathankot (296 km away) is the nearest railhead.', 'By road: ': 'HRTC (Himachal Road Transport Corporation) runs regular buses from Delhi, Haryana, & Punjab and other Himachal cities like Pathankot, Shimla, Kangra, Solan, & Dharamsala.'}"," Kheerganga Peak, Malana Village, Parvati River, Manikaran Sahib Gurudwara, Jari, Bhuntar, and more.", 16.8-degree Celsius
Kutch,https://img.traveltriangle.com/blog/wp-content/uploads/2023/06/Kutch.jpg,"Kutch is a must-visit place in India before you turn 30. Travel to the no man’s land, the seasonal salt marsh amidst the famous Thar Desert during the ", November to February,"{'By air': 'Bhuj Airport, 69 km away, is the nearest air connection.', 'By rail': 'Bhuj Railway Station is 50 km away from Kutch.'}"," Prag Mahal, Kalo Dungar, Kutch Museum, Archaeological Museum, Mandvi Beach, White Desert, Aina Mahal, and more.", 26.3-degree Celsius
Bir_Billing,https://img.traveltriangle.com/blog/wp-content/uploads/2023/06/Bir-Billing.jpg,"Rising to fame post hosting the first-ever paragliding World Cup, Bir Billing soon caught the attention of adventure enthusiasts across the country. Comprising of more than ten paragliding spots, Bir Billing is one of those top 10 places to visit in India that has truly lived up to its name of paragliding capital of India.", April to June,"{'By air': 'Kangra Airport in Gaggal happens to be the nearest airport located at a distance of about 67 kilometers from Bir.', 'By rail': 'Pathankot is the nearest railway station to Bir Billing located at a distance of about 140 kilometres.', 'By road': 'Located in the heart of Himachal, Bir Billing is accessible by road as many state-run and private buses run from the nearby cities of Delhi, Chandigarh, Manali, Shimla, and more.'}"," Baijnath Shiv Temple, Billing Valley, Chamunda Devi Temple, Shiva Shrine, Ahju Fort, and more.", 16.8-degree Celsius
Assam,https://img.traveltriangle.com/blog/wp-content/uploads/2023/06/Assam.jpg,"Stay set to be overwhelmed by the sceneries, flora, and fauna of the Dibru Saikhowa National Park. And this wildlife expedition is not the same as any jeep safari. Instead, activities like jungle walks and boat rides are conducted during the months of November to April. Cruise along the Brahmaputra River to witness the animals in their most natural habitats. The surreal surroundings of this place make Assam one of the best tourist places in India.", October to April,"{'By air': 'Mohanbari in Dibrugarh, 40 km away, is the nearest domestic airport. Lokpriya Gopinath Bordoloi International Airport at Guwahati is 510 km away.', 'By rail': 'New Tinsukia Railway Station is 12 km away.'}"," Kaziranga National Park, Manas National Park, Kamakhya Temple, Srimanta Sankardev Kalakshetra, Assam State Museum, and more.", 23.2-degree Celsius
Rishikesh,https://img.traveltriangle.com/blog/wp-content/uploads/2023/06/Rishikesh1.jpg,"With bursting energy and enthusiasm, the twenties is the best time to enjoy thrill and adventure, especially with your friends. This is certainly one of the best places to visit in India. Travel to the adventure capital of India, Rishikesh, and ride on the mystical but fierce fast-flowing waters of Ganges. Rishikesh is a must-visit place in India if you haven’t yet crossed the age bar.", September to November and February to June,"{'By air': 'Jolly Grant Airport in Dehradun, 20 km from Rishikesh, is the nearest air connection.', 'By rail': 'Haridwar Junction, 21 km from Rishikesh, is the nearest railhead.', 'By road': 'It is well-connected by road to major cities, including Haridwar (21 km away) and Delhi (229 km away).'}"," Rajaji National Park, Lakshman Jhula, Neelkanth Mahadev Temple, Parmarth Niketan, Ram Jhula, Shivpuri River Rafting Point, and more.", 20-degree Celsius
Shimla,https://img.traveltriangle.com/blog/wp-content/uploads/2023/06/Shimla.jpg,Revisit childhood by hopping on the colorful , March to June,"{'By air': 'Located at a distance of 25 km, Jubbarhatti is the nearest airport from Shimla.', 'By rail': 'The toy train from Kalka to Shimla is the most convenient railway line that connects Shimla to other nearby towns.', 'By road': 'Many state-run and private buses run from the nearby cities of Delhi, Chandigarh, Manali, and Kullu that are well connected to Shimla via road.'}"," Kufri, Mall Road, Chadwick Falls, Jakhu Temple, Annandale, Christ Church, Scandal Point, and more.", 22-degree Celsius
Tirthan_Valley,https://img.traveltriangle.com/blog/wp-content/uploads/2023/06/Tirthan-Valley.jpg,"Striking a perfect balance between peace and adventure, ", March to June and October to November,"{'By air': 'Bhuntar airport is the nearest airport to Tirthan Valley at a distance of about 48 km.', 'By rail': 'Ambala railway station happens to be the nearest railway station to Tirthan Valley at a distance of about 188 km.', 'By road': 'One can easily embark on a scenic road trip from the nearby states of Delhi, Punjab, and Haryana to Tirthan Valley via a car or a bus.'}"," Great Himalayan National Park, Jalori Pass, Raghupur Fort, Saryolsar, Gushaini, Sojha, and more.", 25-degree Celsius
Jim_Corbett,https://img.traveltriangle.com/blog/wp-content/uploads/2023/06/Jim-Corbett.jpg,One of the ," The best time to visit Jim Corbett and experience the safari at its best depends on the kind of experience you’re looking for. Summer is considered the best time for tiger sightings. However, November to February is the best time to visit Jim Corbett.","{'By air': 'Pantnagar Airport is the nearest airport to Jim Corbett National Park', 'By rail': 'Ramnagar Railway station is located merely 12 km away from the national park', 'By road': 'The national park is well connected by roads to various destinations like Delhi and Dehradun.'}"," Garjiya Devi Temple, Jim Corbett Museum, Corbett Falls, Corbett Tiger Reserve, Ramganga Dam, and more.", 27-degree Celsius
Manali,https://img.traveltriangle.com/blog/wp-content/uploads/2023/06/Manali.jpg,"The most famous resort town nestled amidst the snow-capped mountains, Manali is the popular gem in the heart of Himachal Pradesh. A mesmerizing combination of nature, peace, and adventure, Manali is one of the best holiday destinations in India for all travelers.", October to February,"{'By air': 'Located at a distance of about 52 km, Kullu-Manali airport is the nearest airport to Manali.', 'By rail': 'Joginder Nagar is the nearest railway station to Manali located at a distance of about 160 km.', 'By road': 'Manali can be easily reached by road via private cabs, cars, and state-run or private buses from the nearby cities of New Delhi, Chandigarh, Pathankot, Ambala, and so on.'}"," Bhrigu Lake, Rohtang Pass, Solang Valley, Hidimba Devi Temple, Manu Temple, Great Himalayan National Park, Jogini Falls, and Tibetan Monastery.", 15.1-degree Celsius
Udaipur,https://img.traveltriangle.com/blog/wp-content/uploads/2023/06/Udaipur1.jpg,"Udaipur is called the Venice of the East, but the different Rajasthani hues of the city surely make it stand out. The ", September to March,"{'By air': 'Udaipur has its own airport, which indeed is well connected to different parts of the country.', 'By rail': 'The city’s railway station is actually among the most well-connected railheads in the city', 'By road': 'One can easily find buses for reaching the city by road, from cities like Jaisalmer, Jaipur and Delhi.'}"," Lake Pichola, Jagdish Temple, City Palace, Jag Mandir, Gangaur Ghat, and Bagore ki Haweli", 30-degree Celsius
Auli,https://img.traveltriangle.com/blog/wp-content/uploads/2023/06/Auli.jpg,"The Skiing Capital of India, Auli is one of the most beautiful places to travel in India even if you’re not into skiing. This is the land of beautiful sunsets, and captivating views of the Himalayas, which you will never have enough of! If you’re not visiting "," Auli Uttarakhand is best visited anytime during the year. However, since this destination is well-known for skiing, then it’s suggested you don’t miss Auli during the winter season (December to February).","{'By air': 'Jolly Grant Airport of Dehradun is the nearest airport to Jolly Grant Airport.', 'By rail': 'If you are planning to visit Auli by train, then deboard at Haridwar railway station which is the nearest railway head from Auli.', 'By road': 'For travelers coming via road, you can take buses heading towards Joshimath, as this place is well connected to many towns and cities of Uttarakhand. From here, you can easily get a taxi or bus for Auli.'}"," Kuari Pass Trek, Vishnuprayag, Kalpeshwar, Sri Hemkunt Sahib, Gorson Bugyal, Pangarchulla Peak, and more.", 4.3-degree Celsius
Mysore,https://img.traveltriangle.com/blog/wp-content/uploads/2023/06/Mysore1.jpg,"Comprising a bit of the old and new, Mysore has risen from the status of a royal city (which it still is) to a hardcore IT hub. Renowned across the world for its gorgeous silk sarees, do not forget to treat your sweet tooth to some mouthwatering Mysore Pak on your next trip. This is undoubtedly among the best places to visit in India."," Throughout the year. However, October to March is the most pleasant to explore the city of Mysore.","{'By air': 'Mysore city has its own domestic airport that is well connected to the metropolitan cities of New Delhi, Mumbai, Chennai, Bengaluru, and Kolkata.', 'By rail': 'Travelers can deboard at the Mysore Railway Station which is located in the city centre.', 'By road': 'Mysore has very good road connectivity with the nearby cities of Bangalore, Chennai, Madurai, Coimbatore, and so on.'}"," Mysore Palace, Somnathpur, Brindavan Gardens, Mysore Zoo, Chamundeshwari Temple, Karanji Lake, St. Philomena’s Church, and GRS Fantasy Park.", 25-degree Celsius
Valley_Of_Flowers,https://img.traveltriangle.com/blog/wp-content/uploads/2023/06/Valley-Of-Flowers.jpg,"The Valley of Flowers in Uttarakhand is carpeted with over 300 flower species, making it among the paradisiacal places to travel in India. This is a UNESCO World Heritage Site, located at an altitude of 3,858 meters above sea level. Today, this heavenly hideout is on the bucket list of avid travelers, and trekkers too; owing to its treacherous yet fascinating route. The ", July to September,"{'By air': 'Nearest Airport to Valley of Flowers is Jolly Grant Airport, Dehradun This airport is connected to major cities like Delhi.', 'By rail': ': Haridwar Junction Railway Station is the nearest railway station to Valley of Flowers', 'By road': ': The Valley of Flowers is majorly accessed via roads and trekking routes. Govindghat on Badrinath Highway serves as a base camp for trekkers coming here.'}"," Govindghat, the National Park, Hemkund Sahib, Nanda Devi National Park, and Pushpawati River.", 16 to 18 degrees Celsius
Jaisalmer,https://img.traveltriangle.com/blog/wp-content/uploads/2023/06/Jaisalmer1.jpg,"The Golden City of Rajasthan, Jaisalmer is surely one of the best cities to visit in India. This part of Rajasthan lies in the Thar Desert region, exhibiting the magic of velvet sand dunes meshed with the ever-colorful culture of the state. Jaisalmer is where you can spend your time indulging in exciting activities such as dune bashing, camel safari, and desert camping. Yes! ", October to February,"{'By air': ': Jodhpur Airport is the nearest airport from Jaisalmer. Cities like Delhi, Mumbai, and Udaipur are connected to this airport.', 'By rail': 'Jaisalmer has its own railway station which is indeed connected widely across North India, with cities like Jaipur and Delhi.', 'By road': 'One can easily reach Jaisalmer by road via buses or cabs.'}"," Jaisalmer Fort, Bada Bagh, Folklore Museum, Sam Sand Dunes, and Desert Cultural Centre.", 30-degree Celsius
Jodhpur,https://img.traveltriangle.com/blog/wp-content/uploads/2023/06/Jodhpur.jpg,"Jodhpur, or the Blue City of Rajasthan, will lure you with its massive hill fort called the ", October to February,"{'By air': ': The city has its own domestic airport, which is connected to major cities like Udaipur, Delhi, Jaipur and Mumbai.', 'By rail': 'Jodhpur Railway Station indeed is among the widely connection railheads in Rajasthan.', 'By road': 'Similar to airways and railways, roadways to are smooth and easily accessible in this city'}"," Umaid Bhavan Palace, Jaswant Thada, Mehrangarh Fort, Mandore Garden, and Balsamand Lake.", 25-degree Celsius
Parashar_Lake,https://img.traveltriangle.com/blog/wp-content/uploads/2023/06/Prashar-Lake.jpg,"Located at a distance of about 49 kilometers towards the north of Mandi district, Prashar Lake is one of the rising ", April to July and September to November,"{'By air': 'Kullu Manali airport is the nearest airstrip which is 73 km away from Mandi which further happens to be the closest city to Prashar Lake located at a distance of about 49 km.', 'By rail': 'Joginder Nagar is the nearest railway station to Mandi which is set at a distance of about 50 kilometers, and then one can take a cab from there and trek to Prashar Lake.'}"," Mandi, Prashar Lake Trek, Three-tiered temple, Bhutnath Temple, and Barot.", 20 to 25-degree Celsius
Mukteshwar,https://img.traveltriangle.com/blog/wp-content/uploads/2023/06/Mukteshwar.jpg,"A quaint little town in the state of Uttarakhand, Mukteshwar is one of the famous tourist places in India that is a must-visit destination for all. Other than the lush meadows and dense forests, Mukteshwar is quite popular among adventure enthusiasts for outdoor sports such as rappelling, rock climbing, and more, making it an ideal abode for adventure seekers. Moreover, it is one of the best places to visit in India with family in December", October to June,"{'By air': 'Dehradun airport is the nearest airstrip located at a distance of 183 km from Mukteshwar.', 'By rail': 'Kathgodam railway station is the nearest railhead located at a distance of just 70 km away.', 'By road': 'One can also reach the Mukteshwar easily by road from the neighboring cities of Delhi, Chandigarh, Shimla, and Manali.'}","  Rock Climbing, and Shopping At Kilmora Shop", 16-degree Celsius
Dhanaulti,https://img.traveltriangle.com/blog/wp-content/uploads/2023/06/Dhanaulti.jpg,"Located at an elevation of about 2200 meters with Mussourie and Chamba as its bordering cities, Dhanaulti has off-lately emerged as one of the most offbeat destinations in India. For those who like to experience life at their own pace be it fast or slow, this is the perfect place to be.", September to June,"{'By air': 'Jolly Grant Airport in Dehradun is the nearest airstrip to Dhanaulti located just 82 km away.', 'By rail': 'The Dehradun railway station is the nearest railhead located just 25 km away from Dhanaulti.', 'By road': 'One can also reach the town of Dhanaulti easily via road from the nearby cities of Shimla, Delhi, Shimla, Chandigarh, and Manali.'}"," The Eco Park, Thangdhar Camp, Surkanda Devi Temple, and Potato Farm", 20-degree Celsius
Varanasi,https://img.traveltriangle.com/blog/wp-content/uploads/2023/06/Varanasi1.jpg,"Varanasi may not be on the list of places to visit in India before you turn 30, but the beautiful ghats, the aartis, and prayers, and a boat ride along the calm banks could change this picture forever. The historical encounters and vibrant surroundings make Kashi one of the best places to visit in India.", October to February,"{'By air: ': 'Lal Bahadur Shastri Airport of Varanasi is well-connected to Delhi and Mumbai.', 'By rail': 'Kashi Railway Station and Varanasi Junction are the two major railheads of the city.', 'By road': 'State-run and private buses regularly ply between Varanasi and the nearby cities.'}","Assi Ghat, Dashashwamedh Ghat, Manmandir Ghat, Manikarnika Ghat, Kashi Vishwanath Temple, and Durga Temple", 30-degree Celsius
Mumbai,https://img.traveltriangle.com/blog/wp-content/uploads/2023/06/Mumbai.jpg,"The city that lets you live a carefree life and the one that never sleeps. Mumbai is about its people, the spirit of enjoying the nightclubs, and of course Bollywood. Live like a Mumbaikar, bite into the vada pav, and sip a chai on your way to the locals. This is among the best places to visit in India.", November to February,"{'By air': 'Chhatrapati Shivaji International Airport lies 30 km north of the city. Santa Cruz Domestic Airport lies 26 km north of the city.', 'By rail: ': 'Trains from Central, East, and West India arrive at the Chhatrapati Shivaji Terminus (erstwhile VT). Trains from the North arrive at Bombay Central Station.', 'By road: ': 'Most of the inter-Maharashtra buses arrive at Mumbai Central Bus Station. But the ones from Pune and Nasik arrive at the ASIAD bus stand near Dadar railway station.'}","Gateway of India, Haji Ali Dargah, Elephanta Caves & island, Siddhivinayak Temple, Essel World, Kanheri Caves, Rajabai Clock Tower, Kamala Nehru Park, Dr Bhau Daji Lad Museum, Nehru Planetarium, Worli Fort, and Marine Drive", 25-degree Celsius
Kolkata,https://img.traveltriangle.com/blog/wp-content/uploads/2023/06/Kolkata1.jpg,The only time when the entire city gathers together to celebrate the much-lauded and divine , November to February,"{'By air: ': 'Netaji Subhash Chandra Bose International Airport is situated at Dumdum, 15 km from the main city.', 'By rail: ': 'Howrah and Sealdah are the two main railway junctions in Kolkata that connect the city to several major cities in the country.'}","Victoria Memorial, Howrah Bridge, Indian Museum, Dakshineswar Kali Temple, Eden Gardens Cricket Stadium, Kalighat Kali Temple, Birla Industrial & Technological Museum, Birla Planetarium, and St. Paul’s Cathedral", 25-degree Celsius
Delhi,https://img.traveltriangle.com/blog/wp-content/uploads/2023/06/Delhi.jpg,"Enjoy your gateway to the city of Ghalib, Dilli. While you’re still young, explore the cultures of your magnificent country in the heart of its capital. From the architectural marvels from the time of the Mughal Dynasty to the iconic Rashtrapati Bhavan which is the seat of the President of India, Delhi is filled with some of the most beautiful places in India. A stop at Hazrat Nizamuddin’s Dargah for a live Qawwali session will leave you mesmerized.", October to March,"{'By air': 'Delhi’s Indira Gandhi International Airport is very well connected to cities across India and the world.', 'By rail': 'Delhi has an extensive railway network with major railway stations like New Delhi Railway Station, Old Delhi Railway Station, Hazrat Nizamuddin Railway Station, Sarai Rohila, and Old Sabzi Mandi', 'By road': 'Delhi is well connected by bus to cities like Jaipur, Agra, Alwar, Chandigarh, Amritsar, Shimla, Manali, Dharamsala, Dehradun, and even Kathmandu. Commuters can get buses from Interstate Bus Terminals at Kashmiri Gate, Anand Vihar, & Sarai Kale Khan, and other spots like Majnu ka Tila & Bikaner House.'}"," The Red Fort, Qutub Minar, Jama Masjid, Lotus Temple, Akshardham, Rashtrapati Bhavan, and Humayun’s Tomb.", 25 to 34-degree Celsius
Meghalaya,https://img.traveltriangle.com/blog/wp-content/uploads/2023/06/Meghalaya.jpg,"Much famed as the Scotland of the East, Meghalaya is one of the refreshing holiday destinations in India. Comprising reviving greens and mighty mountains, Meghalaya is a must to be explored once in a lifetime. Also, if you aren’t afraid of heights, insects, darkness, and tight spaces, caving would prove to be a great adventure in Meghalaya for you! And if you are, what better time to beat your fears in the deepest and longest caves of entire South Asia? What if you return as the next Bruce Wayne, err?", March to July,"{'By air': 'Lokpriya Gopinath Bordoloi International Airport at Guwahati in Assam (118 km from Shillong, the capital of Meghalaya) is the nearest international airport. Umroi Airport at Umroi, 30 km from Shillong, is the nearest domestic airport.', 'By rail: ': 'Mendipathar railway station is located in Resubelpara Municipal Board Jurisdiction of Meghalaya at a distance of 225 km from Shillong. However, the Guwahati Junction in Assam is the nearest railhead with good connectivity to other cities in India.'}","Umiam Lake, Nohkalikai Falls, Elephant Falls, Seven Sisters Falls, Shillong View Point, Spread Eagle Falls, Wah Umngot River, Nohwet Living Root Bridge, Kynrem Falls, Khasi Hills, Khoh Ramhah or Motrop (Giant conical rock), and Garo Hills", 17.1-degree Celsius
Sikkim,https://img.traveltriangle.com/blog/wp-content/uploads/2023/06/Sikkim.jpg,"Life is not all about exploring the world. Feel the mystical essence of Buddhism around you, and visit ", March to June and September to December,"{'By air: ': 'Bagdogra Airport in West Bengal (124 km from Gangtok) is the nearest airport. A 20 minutes helicopter ride from Bagdogra will take you further on to Gangtok, the capital of Sikkim.', 'By rail: ': 'New Jalpaiguri Railway Station in Siliguri (148 km from Gangtok) is the nearest railhead.', 'By road: ': 'The cities of Sikkim are well-connected to Darjeeling (West Bengal) by good quality roads.'}","Nathu La, Hanuman Tok, Rumtek Monastery, Khecheopalri Lake, Tsomgo Lake, Phodong Monastery, & Teesta River in Gangtok, Yumthang Valley, Buddha Park of Ravangla, Kanchenjunga Falls, Lingdum Monastery, and Singshore Bridge",18-degree Celsius
Agra,https://img.traveltriangle.com/blog/wp-content/uploads/2023/06/Agra1.jpg,Tourists across the world visit India just to witness the spectacular symbol of love. The majestic monument has to be on your bucket list for it’s the cultural epitome of India. The majestic heritage sites of Agra make it one of the best places to visit in India., April to October,"{'By air': 'Kheria airport, 13 km away from Agra, is a seasonal commercial airport and is connected only by Air India flights from New Delhi.', 'By rail': 'Agra Cantt Station (the main station), Agra Fort Railway Station, Raja ki Mandi, Agra City, and Idgah Railway Station are well-connected by a network of trains to cities like Delhi, Jaipur, Gwalior, Jhansi, Kolkata, Mumbai, and Chennai.', 'By road': 'Agra has two major interstate bus terminals called Idgah Bus Stand and ISBT that connect it to cities like Delhi, Jaipur, Gwalior, Lucknow, & Kanpur.'}","Taj Mahal, Agra Fort, Tomb of I’timād-ud-Daulah, Mehtab Bagh, Jama Masjid, Guru ka Tal, Tomb of Akbar the Great, Chini Ka Rauza, Moti Masjid, Fatehpur Sikri, Dilli Gate, Great gate (Darwaza i-rauza), Amar Singh Gate, Kaanch Mahal, and Sikandra",24 to 34-degree Celsius
Cherrapunji,https://img.traveltriangle.com/blog/wp-content/uploads/2023/06/Cherrapunji.jpg,"Cherrapunji is a great sight for those who want to experience something surreal and out of the blue. Much famed for being the land of many waterfalls, the ", November to May,"{'By air': 'Lokpriya Gopinath Bordoloi International Airport in Guwahati (163 km away) is the nearest air connection.', 'By rail: ': 'Guwahati is the nearest railhead to Cherrapunji.'}"," Nohkalikai Falls, Daiñthlen Falls, Thangkharang Park, Kynrem Falls, Mawsmai Cave, Seven Sisters Falls, and more.",17 to 24-degree Celsius
Dalhousie,https://img.traveltriangle.com/blog/wp-content/uploads/2023/06/Dalhousie.jpg,"Other than the refreshing greens, magnificent views of the mountains, gushing rivers, and the mesmerizing beauty of the nature, Dalhousie is also considered to be famous for its Victorian architecture. Once a summer capital of the British, Dalhousie is also one of the best holiday destinations in India.", March to June,"{'By air': 'Pathankot is the nearest airport to Dalhousie which is just 85 km away.', 'By rail': 'Pathankot also happens to be the nearest railhead to Dalhousie which again is just 85 km away.', 'By road': 'Dalhousie is well-connected to the neighbouring cities via road and many state-run and private buses and cabs have good connectivity to this hill station.'}"," Panch Pulla, Kalatop Wildlife Sanctuary, Satdhara Falls, Daikund Peak, Subhash Baoli, St. John’s Church, and Chamunda Devi Temple.",15-degree Celsius
Hampi,https://img.traveltriangle.com/blog/wp-content/uploads/2023/06/Hampi1.jpg,"Hampi’s world heritage site is amongst the must-visit tourist places in India. Known for its old monumental and architectural beauty, Hampi Place will dispose of you to a world of aesthetics. PS: Don’t plan a trip to Hampi in summer.", October to February,"{'By air': 'Hubli Airport (144 km away) and Belgaum Airport (215 km away) are two major domestic airports near Hampi.', 'By rail': 'Hospet Junction, the nearest railway station to Hampi, is about 13 km away.', 'By road': 'Hampi is one of the weekend getaways from Bangalore and is well connected to Hospet, Hassan, Mysore, and other nearby cities by road.'}"," Virupaksha Temple, Vijaya Vittala Temple, Matanga Hill, Hemakuta Hill Temple, Hazara Rama Temple, and Achyutaraya Temple.",27.3-degree Celsius
Jabalpur,https://img.traveltriangle.com/blog/wp-content/uploads/2023/06/Jabalpur.jpg,"Jabalpur may not be on your list of best tourist places to see in India before you turn 30, but a trip to these stunning white waterfalls which emanate a mist of smoke will leave you spellbound.", August to March,"{'By air': 'Dumna domestic airport in Jabalpur is the nearest airport.', 'By rail': 'Jabalpur Junction is the nearest railway head.'}"," Dhuandhar Falls, Marble Rocks, Rani Durgavati Museum, Madan Mahal, Dumna Nature Reserve Park, and Bhawartal Garden.", 23 to 31-degree Celsius
Mathura,https://img.traveltriangle.com/blog/wp-content/uploads/2023/06/Mathura.jpg,"Allow your spirit to soak in the raas-leela of Vrindavan. The place that celebrates Krishna’s living philosophy. The festival is ecstatic, to say the least, and the ", November to March,"{'By air': 'Kheria airport in Agra, located at a distance of 49 km from Mathura, is the nearest air connection.', 'By rail': 'Mathura has its own railway station.', 'By road': 'Mathura is well-connected to Agra (49 km away), Delhi (182 km away), Vrindavan (14 km away), and other cities of North India.'}"," Shri Krishna Janmabhoomi, Prem Mandir Vrindavan, Government Museum, Krishna Balaram Mandir, Vishram Ghat, Kans Quila, and Jama Mosque.",34.7 degrees Celsius
Hyderabad,https://img.traveltriangle.com/blog/wp-content/uploads/2023/06/Hyderabad.jpg,"Hyderabad is to India and New York is to the USA. Owing much of its popularity to the royal culture of Nizams, fast-paced lifestyle, buzzing cafes, and growing population, Hyderabad is one of the best places to visit where travelers can look forward to having a great time.", September to March,"{'By air': 'Hyderabad has its own Rajiv Gandhi International Airport which is located at a distance of 22 km from the city centre.', 'By rail': 'The city of Nizams also has a well-connected railway network which connects Hyderabad to all the major cities in the country.', 'By road': 'Many state-run and private buses run from nearby cities like Mumbai, Bangalore, and Chennai to Hyderabad on a daily basis.'}"," Charminar, Golconda, Ramoji Film City, Chowmahalla Palace, Salar Jung Museum, Makkah Masjid, and Purani Haveli.",22 to 31 degrees Celsius
Amritsar,https://img.traveltriangle.com/blog/wp-content/uploads/2023/06/Amritsar.jpg,"Before you turn 30, it is a must-visit this spiritual and historical getaway that promises the nourishment of the soul. Spend some time revisiting the significant history of Amritsar while making sure that you do not miss out on visiting the famous ", November to February,"{'By air': 'Sri Guru Ram Dass Jee International Airport in Amritsar is well-connected to other cities.', 'By rail': 'Amritsar Junction Railway Station has an extensive network of trains.'}"," Golden Temple, Jallianwala Bagh, Durgiana Temple, Akal Takht, Maharaja Ranjit Singh Museum, Partition Museum, and Central Sikh Museum.",23.3-degree Celsius
Orissa,https://img.traveltriangle.com/blog/wp-content/uploads/2023/06/Orissa.jpg,"Travel to the historical land which serves as a home to many age-old Hindu temples. Situated by the sea, Konark Temple in Orissa is one of the famous temples that tells you many interesting stories about the origin of human sexuality. Also, for those who have enough time, beautiful highways in Orissa lead to some exceptionally picturesque attractions that are yet to be explored.", September to March,"{'By air': 'Bhubaneswar airport, 62 km from Konark, is connected by frequent flights to numerous major cities India including Chennai, Kolkata, Delhi, and Hyderabad.', 'By rail': 'Puri Railway Station, 36 km away, is connected to all major cities.'}"," Konark Sun Temple, Chilika Lake, Nandankanan Zoological Park, Puri Beach, Simlipal National Park, and Lingaraja Temple.",27.4-degree Celsius
Mahabalipuram,https://img.traveltriangle.com/blog/wp-content/uploads/2023/06/Mahabalipuram.jpg,"A quaint little town that lies on a stretch of land between the Great Salt Lake, and the Bay of Bengal, Mahabalipuram is also much famed as Mamallapuram by the locals. Famous for the monuments and temples that date back to the 7th century, Mahabalipuram is a living witness to the great works of the Pallava dynasty.", November to February,"{'By air': 'Chennai airport is the nearest airport to Mahabalipuram at a distance of about 40 km.', 'By rail': 'Egmore railway station is the nearest railhead to Mahabalipuram at a distance of just 55 km.', 'By road': 'Mahabalipuram is well connected to the nearby cities of Chennai, Bangalore, Coimbatore, Trichy, and Madurai via roadways.'}"," Mahabalipuram Beach, Shore Temple, Five Rathas, Arjuna’s Penance, Alamparai Fort, Tiger’s Caves, Sadras, and the Crocodile Bank.", 28.4-degree Celsius
Visakhapatnam,https://img.traveltriangle.com/blog/wp-content/uploads/2023/06/Visakhapatnam.jpg,"From the famous beaches like Ramakrishna, Rushikonda, and Yarada beach to the thrilling cable car ride that takes travelers atop the picturesque Kailasagiri Hill, there’s a lot more to the hidden gem of Visakhapatnam than what meets the eye. Exhibiting a range of attractions like pristine beaches, hill stations, conserved submarines, temples, museums, caves, and wildlife sanctuaries, Visakhapatnam is undoubtedly one beautiful places in India to watch out for in the future.", September to March,"{'By air': 'The city has its own Visakhapatnam International Airport that is well connected to major cities in India.', 'By rail': 'Visakhapatnam is well connected to the cities of Hyderabad, New Delhi, Chennai, and Kolkata by a good network of railways.'}"," Kailasagiri Hill Park, INS Kursura in Submarine Museum, Indira Gandhi Zoological Park, Visakha Museum, Ramakrishna Mission Beach, Rushikonda Beach, Varaha Lakshmi Narasimha Temple, Yarada Beach, Tenneti Park, Ross Hill, and Lawsons Bay Beach Park.", 27.8 degrees Celsius
Ooty,https://img.traveltriangle.com/blog/wp-content/uploads/2023/06/Ooty2.jpg,"Much famed as Udhagamandalam amongst the locals, Ooty is one of the most popular and frequented holiday destinations in India. Home to mighty rock mountains, the thrilling Nilgiri Mountain Railway, refreshing gardens, and dangerous hairpin bends, Ooty never fails to charm travelers with its magic.", March to June,"{'By air': 'Coimbatore International Airport is the nearest airport to Ooty located at a distance of just 88 km.', 'By rail': 'Coimbatore Junction is also the nearest railhead to Coimbatore at a distance of just 88 km.', 'By road': 'Ooty has regular bus services from the nearby cities and towns of Coonoor, Mettupalayam, Coimbatore, Trichy, and Chennai.'}"," Ooty Botanical Garden, Rose Garden, Ooty Lake, Ride the Toy Train, Doddabetta Peak, Dolphin’s Nose, Thread Garden, Kalhatti Falls, Emerald Lake, and Kamaraj Sagar Dam.",14.4-degree Celsius
Kodaikanal,https://img.traveltriangle.com/blog/wp-content/uploads/2023/06/Kodaikanal2.jpg,"Literally translating into “the gift of the forests”, Kodaikanal is one of the richest blessings of nature that the state of Tamil Nadu has received. Lush forests encircled by the hills, and filled with cascading waterfalls and pillar formations, Kodaikanal is undoubtedly one of the best places to visit in India before you die.", September to May,"{'By air': 'Located at a distance of about 120 km, Madurai airport is the nearest airstrip to Kodaikanal.', 'By rail': 'The railway station of Kodai Road is the nearest railhead to Kodaikanal at a distance of 100 km.', 'By road': 'Kodaikanal has frequent bus services from the nearby cities of Ooty, Coimbatore, Madurai, Trichy, Bangalore, Chennai, and Kochi.'}"," Pillars Rocks, Kodai Lake, Coakers Walk, Green Valley View, Bear Shola Falls, Devil’s Kitchen, Dolphin’s Nose, Bryant Park, and Berijam Lake.",16.3-degree Celsius
Pondicherry,https://img.traveltriangle.com/blog/wp-content/uploads/2023/06/Pondicherry.jpg,"Much famed to be the French Riviera of the East, Pondicherry or Puducherry happens to be one of the famous tourist places in India for those who are looking forward to a laid-back beach vacation. Witness the beautiful culture of this quaint little French town and savoring the delicious seafood is a must when in Pondy.", October to March,"{'By air': 'Chennai airport is the nearest airport to Pondicherry which is located at a distance of 125 km when traveled via the East Coast Road (ECR).', 'By rail': 'Villupuram Railway Junction is the closest railhead to Pondicherry located at a distance of just 37 km.', 'By road': 'Pondicherry is the most accessible via the ECR road from the neighboring cities of Chennai, Coimbatore, Bangalore, Madurai, Trichy, and Egmore.'}"," The Seaside Promenade, Paradise Beach, Auroville Ashram, Chunnambar Boat House, Basilica of Sacred Heart of Jesus, and Sri Manakula Vinayagar Temple.",28.3-degree Celsius
Mahabaleshwar,https://img.traveltriangle.com/blog/wp-content/uploads/2023/06/Mahabaleshwar.jpg,"Considered to be one of the most picturesque tourist destinations in India, Mahabaleshwar is one of the refreshing retreats that the Western Ghats has to offer to the travelers. From the cascading waterfalls to the lush green ghats, your visit to Mahabaleshwar will be wrapped in mist and guided by the clouds.", October to June,"{'By air': 'New Pune International Airport is the nearest airport to Mahabaleshwar located at a distance of just 136 km.', 'By rail': 'Wathar is the nearest railway station located to Mahabaleshwar at a distance of about 60 km.', 'By road': 'There are regular buses that run from the common places in Mumbai like that of Vashi, Dadar East, and Sion till Mahabaleshwar.'}"," Elephant’s Head Point, Chinaman’s Fall, Dhobi Waterfalls, Arthur’s Seat, Panchgani, Venna Lake, Mahabaleshwar Temple, and Wilson Point.",24.4-degree Celsius
Darjeeling,https://img.traveltriangle.com/blog/wp-content/uploads/2023/06/Darjeeling.jpg,"Considered to be the most frequented tourist destination in India, Darjeeling is a common name in the houses of those who love chai more than anything else. Renowned across the world for its varieties of tea, Darjeeling effortlessly charms everyone with its refreshing greens and soothing blues.", February to March and September to December,"{'By air': 'Bagdogra Airport is the nearest airport to Darjeeling which is 38 km away.', 'By rail': 'New Jalpaiguri is the nearest railhead to Darjeeling at a distance of just 62 km.', 'By road': 'One can board one of the regular buses that run from Siliguri to Darjeeling on daily basis. However, there are many buses that frequently travel to Darjeeling from nearby cities of Kurseong, Kalimpong, and more.'}"," Tiger Hill, Batasia Loop, Darjeeling Himalayan Railway, The Japanese Peace Pagoda, the Rock Garden, Nightingale Park, and Sandakphu Peak.",17.8-degree Celsius.
Ziro,https://img.traveltriangle.com/blog/wp-content/uploads/2023/06/Ziro1.jpg,"Silent, serene, and splendid is what Ziro is synonymous with. Though this picturesque town is popular across the world for its famous ", Throughout the year.,"{'By air': 'Jorhat Airport is the nearest airport to Ziro which is located at a distance of about 98 km.', 'By rail': 'Naharlagun is the nearest railway station to Ziro which is located at a distance of about 100 km.', 'By road': 'The best option by road is to hire a cab or taxi from Jorhat or Guwahati. The journey takes about 7 hours to reach Ziro from there. However, one can also board the state-run buses from the capital city of Itanagar.'}"," Talley Valley Wildlife Sanctuary, Kile Pakho, Tarin Fish Farm, Shiv Linga, Pine Grove, Meghna Cave Temple, and Dolo Mando.",16.8-degree Celsius
Khajjiar,https://img.traveltriangle.com/blog/wp-content/uploads/2023/06/Khajjiar.jpg,"Khajjiar is a small hill town in Himachal Pradesh which is blessed with an abundance of scenic beauty. Situated at an altitude of 6,500 feet, this place features vast dense forests, lakes and wide pasture lands. The town is known for the picturesque Khajjiar Lake, which is surrounded by forests of cedar trees. Another popular pilgrimage and tourist spot in Khajjiar is the Khajji Nag Temple, a 12th-century shrine that worships a serpent deity. There are some really interesting adventure activities including paragliding, zorbing and horse-riding that you can enjoy in Khajjiar."," Throughout the year, especially summer (April-June). January and February may see heavy rainfall and snowfall.","{'By air': 'The nearest airport is Gaggal Airport (120 km) in Dharamshala', 'By rail': 'Pathankot (118 km) is the nearest railway station and can be reached via trains from Delhi, Chandigarh and Bhatinda. Taxis are available from the station to Khajjiar.', 'By road': 'Khajjiar is easily accessible by road, from the major towns of Himachal Pradesh'}"," Kalatop Wildlife Sanctuary, Lord Shiva Statue, Golden Devi Temple, HP State Handicrafts Center",15.3-degree Celsius
Mount_Abu,https://img.traveltriangle.com/blog/wp-content/uploads/2023/06/Mount-Abu.jpg,Mount Abu is the only , July – February,"{'By air': 'The nearest airport is in Udaipur (185 km) and but the Ahmedabad airport (221 km) has higher connectivity.', 'By rail': 'The nearest railway station is Abu Road, which is well connected to major cities like Delhi, Mumbai, Jaipur and Ahmedabad', 'By road': 'The nearest NH to Mount Abu is NH14 and is well connected with major cities of India.'}"," Mount Abu Wildlife Sanctuary, Nakki Lake, Dilwara Temple, Toad Rock, Guru Shikhar, Achalgarh Village, Guru Shikhar",20.9-degree Celsius
Nainital,https://img.traveltriangle.com/blog/wp-content/uploads/2023/06/Nainital.jpg,"Located at an elevation of 2,000m, Nainital is a resort town in the Kumaon Hills of Uttarakhand. The place gets its name from a lake called ‘Naini Lake’ around which the whole town is established. The lake is popular for boating scenes and has an ancient Devi Hindu Temple on its northern shore. Nainital has a pleasant climate throughout the year. Surrounded by many snow-capped hills and having a number of lakes in its boundary, there are a plethora of beautiful sights that you can enjoy here.", March to June,"{'By air': 'Pantnagar Airport (72 km) is the nearest airport to Nainital.', 'By rail': 'The nearest railway station is Kathgodham Railway Station (34 km), connecting Nainital to Delhi, Dehradun, Lucknow, Kolkata and Agra. You can hire a taxi from the station.', 'By road': 'Nainital is well connected to several big and small cities through road and overnight bus services are available'}"," Naina Peak, Tiffin Top, Snow View Point, Sariyatal Lake, Bhimtal Lake, Khurpatal Lake, Eco Cave Gardens, The Mall Road",13.0 degree Celsius.
Lakshadweep,https://img.traveltriangle.com/blog/wp-content/uploads/2023/06/Lakshadweep.jpg,"The Indian islands, Lakshadweep is an archipelago (group) of 36 islands which consists of 12 atolls, 3 reefs and 5 submerged banks. This is one of the most popular tropical island destinations and the smallest Union Territory in India. Only some islands of this archipelago are inhabited and just a few are open to the visitors. But the pristine beaches, azure waters, beach resorts and water adventure sports make Lakshadweep a travel-must. Kavaratti is one of the most developed islands and is popular for beautifully decorated mosques.", September to May,"{'By air': 'The Cochin International Airport connects Lakshadweep to the mainland', 'By sea: ': 'There are 7 passenger-ship services available from Cochin to Lakshadweep'}"," Minicoy Island, Agatti Islands, Bangaram Island, Kalpeni Islands",22 degrees to 33 degrees Celsius.
Chopta,https://img.traveltriangle.com/blog/wp-content/uploads/2023/06/Chopta.jpg,"Chopta is a small but significant region in Uttarakhand. The place is covered with alpine and grassy meadows and forests making this a peaceful getaway into the laps of nature. The Chopta Valley is surrounded by many mighty mountain peaks that create a breathtaking backdrop. A part of the Kedarnath Wildlife Sanctuary, Chopta is also a base for trekking to Tungnath, one of the Panch Kedar. The best way to explore this place is through trekking and visiting the local tourist spots on the way.", March to June,"{'By air': 'Jolly Grant Airport in Dehradun (97 km) is the nearest airport', 'By rail': 'Rishikesh railway station (100 km) is the nearest railway head. From there you can take a minibus or cab to Chopta', 'By road': 'Chopta can be reached by taking the NH58'}"," Tungnath Temple, Deori Tal, Kanchula Korak Musk Deer Sanctuary, Ukhimath",Night temperature will go around 3 degree Celsius and the day temperature is around 15 degrees
Spiti,https://img.traveltriangle.com/blog/wp-content/uploads/2023/06/Spiti.jpg,"Located at an altitude of 12,500 feet above the sea level, Spiti Valley is one of the most sought after travel destinations in Himachal Pradesh. ‘Spiti’ means ‘the middle land’. The region is characterized by winding roads, wide valleys, arid deserts and snow-capped mountains. The clear and open sky in Spiti will leave you spellbound while you stargaze in the night. The valley has some of the oldest monasteries that you that add to the charm of this mystic region. Spiti is also a trekking hotspot popular among the adventure enthusiasts.", Mid May to Mid October,"{'By air': 'The nearest airport to Spiti Valley is in Bhuntar (245 km) near Kullu.', 'By rail': 'The nearest broad gauge railway station with good connectivity is in Chandigarh.', 'By road': 'There are direct buses available from Chandigarh, Shimla, Kullu Manali and few other parts of North India.'}"," Chandratal Lake, Key Monastery, Kunzum Pass, Pin Valley National Park, Suraj Tal Lake, Dhankar Monastery, Tabo Monastery",The range is between 10 degrees to 30 degrees Celsius.
Sonamarg,https://img.traveltriangle.com/blog/wp-content/uploads/2023/06/Sonamarg.jpg,"Sonamarg is a serene hill town in Ganderbal district of Jammu and Kashmir. The sight of snow-capped mountains, blooming fields lush green valleys, and pristine lakes is simply mesmerizing. The term ‘Sonamarg’ means ‘the land of gold’. Sonamark features a number of beautiful mountain lakes, including Gangabal and Satsar. Krishnasar is one of the most popular lakes and a hotspot for fishing. Sonmarg is also a historically significant places as it was a gateway to the ancient Silk Route.", May to October,"{'By air': 'The nearest airport is in Srinagar (70 km)', 'By rail': 'The nearest railway station is Jammu Tawi Railway Station in Jammu', 'By road': 'You can either drive or board one of the regular buses that run from Jammu and Srinagar to Sonamarg'}"," Thajiwas Glacier, Zoji-La Pass, Vishansar Lake, Nilagrad River, Baltal Valley, Krishnasar Lake.",6.5 degrees Celsius
Almora,https://img.traveltriangle.com/blog/wp-content/uploads/2023/06/Almora.jpg,"Almora is a hill town in Uttarakhand, shaped like a horseshoe. The mighty Himalayan ranges and rare wildlife make this place every nature lovers dream destination. The two major rivers, Koshi and Suyal, flowing through this town add to the beauty of this place. In fact, the beauty and the pleasant climate of Almora had won the heart of Mahatma Gandhi too, who compared Almora with Europe. Rich in cultural heritage, the town is also famous for handicrafts and traditional cuisines.", Throughout the year,"{'By air': 'Pantnagar (115 km) is the nearest airport.', 'By rail': 'Kathgodam is the nearest railway station', 'By road': 'Almora is well connected with major North Indian cities by road'}"," Zero Point, Jageshwar, Katarmal Sun Temple, Kasar Devi Temple, Chitai Temple, Deer Park, Dunagiri, Jalna, Bright End Corner.",23.5 degree Celsius
Orchha,https://img.traveltriangle.com/blog/wp-content/uploads/2023/06/Orchha.jpg,"Located in the Tikamgarh district of Madhya Pradesh, Orchha is a town known for its grand historical structures including palaces, temples and forts. Set on the banks of the Betwa River, the medieval architectural heritage of this place attracts tourists from around the world. Orchha is also popular for its frescos and classical murals paintings. There are many beautiful temples in this town. ", July to March,"{'By air': 'Gwalior Airport (140 km) is the nearest airport', 'By rail': 'Jhansi railway station (18 km) is the nearest railway station.', 'By road': 'Jhansi (16 km) is the nearest bus stop. There is no direct connectivity by road to Orchha.'}"," Jahangir Mahal, Raja Mahal, Orchha Fort, Ram Raja Temple, Chattris, Chaturbhuj Temple, Phool Baag.",26.3-degree Celsius
Gwalior,https://img.traveltriangle.com/blog/wp-content/uploads/2023/06/Gwalior.jpg,"Gwalior is a historic city in Madhya Pradesh founded by Surajesan. It is known for its grand forts, palaces, rock temples and statues that reflect the heritage of the city. The spectacular ", July to March,"{'By air': 'Gwalior Airport is a major airport in the region', 'By rail': 'Gwalior is well connected to major parts of the country through railways', 'By road: ': 'NH3, NH75 and NH92 are the national highways that connect Gwalior with other major cities of India.'}"," Gwalior Fort, Jai Vilas Palace, Gujari Mahal, Man Mandir Palace, Tomb of Tansen, Teli Ka Mandir, Saas Bahu Temple, Scindia Museum.",25.7-degree celcius
Gokarna,https://img.traveltriangle.com/blog/wp-content/uploads/2023/06/Gokarna.jpg,"Gokarna is a town on the Arabian Sea, located in Karnataka. It is a Hindu pilgrimage destination, with a number of sacred sites including the Mahabaleshwara Temple and Koti Teertha. Gokarna is often metaphorized as a ‘crowd-less Goa’. The places has many amazing beaches where you can spend some time relaxing in peace.", Throughout the year,"{'By air': 'The nearest airport is Dabolim in Goa, from where you can take a taxi or train to Gokarna', 'By rail': 'The nearest railway station is the Gokarna Road (8 km from the main city)', 'By road': 'Gokarna is well-connected by road to other major cities of India.'}"," Om Beach, Mahabaleshwara Temple, Kudle Beach, Gokarna Beach, Yaana, Half Moon Beach, Koti Tirtha, Paradise Beach.",27.1-degree Celsius
Pahalgam,https://img.traveltriangle.com/blog/wp-content/uploads/2023/06/Pahalgam.jpg,"A hill station in Jammu And Kashmir, Pahalgam is a nature’s paradise. Small houses, saffron farms, green fields, and lush valleys with the mighty Himalayan ranges forming the backdrop, Pahalgam is one of the most picturesque ", Throughout the year,"{'By air': 'Nearest airport is Srinagar Airport (91.1 km)', 'By rail': 'You can reach Pahalgam by road through regular bus services, taxi or cab', 'By road': 'N/A'}"," Aru Valley, Betaab Valley, Lidder River, Kolahoi Glacier, Chandanwari, Mamleshwar Temple, Lolab Valley.",Average high temperature is 20-degree Celsius and average low temperature is 10-degree Celsius
Landsdowne,https://img.traveltriangle.com/blog/wp-content/uploads/2023/06/Landsdowne.jpg,"Lansdowne, the quaint hillside of Uttarakhand is gradually becoming a popular tourist attraction, especially because of its old-world charm and lush green mountainscape decorated with deodar and pine groves. Dating back to 1895, St. Mary Church still flaunts that old-world charm in its every corner and is considered one of the best ", April to June,"{'By air': 'Nearest airport from Lansdowne is Jolly Grant, located 150 km away. The airport is connected to Delhi via frequent flights.', 'By rail': 'For those wanting to reach Lansdowne by train, the nearest railway station from Lansdowne is Kotdwar, at a distance of 40 km. Kotdwar Station is well-connected to various cities and towns of North India.', 'By road': 'You can board a bus for Kotdwar or Dugadda from Kashmiri Gate.'}"," Tip N Top, Bhulla Lake, War Memorial, Tarkeshwar Mahadev Temple, Darwan Singh Museum.",15.6-degree Celsius
Joshimath,https://img.traveltriangle.com/blog/wp-content/uploads/2023/06/Joshimath.jpg,"Joshimath, in northern the tip of the Indian subcontinent on the Himalayas, is one of the major tourist attractions in Northern India. Joshimath is one of the most beautiful tourist attractions in the state of Uttarakhand, which attracts tourists who are always in pursuit of a peaceful vacation. While one can visit the hills throughout the year, the best time to visit Joshimath is during summers, as it offers excellent relief from the sizzling summer heat.", April to June,"{'By air': 'Jolly Grant Airport lies at 270 km from Joshimath.', 'By rail': 'Rishikesh, which is the closest railway station, is around 250 km from Joshimath.', 'By road': 'If you are starting from Delhi, you should reach Rishikesh first. Rishikesh is also well connected via road to different parts of the nation.'}"," Ghangaria, Auli ropeway, Nanda Devi National Park, Tapovan, Narsingh Temple, Vishnuprayag river, Govindghat.",14.5-degree Celsius
Tawang,https://img.traveltriangle.com/blog/wp-content/uploads/2023/06/Tawang.jpg,"Tawang’s landscape is adorned with massive rocky yet green mountains, group of Buddhist monasteries, and ethnicity of Monpa hamlets. Its iconic 17th-century monastery has always been a boss at stealing hearts. The warm hospitality and pleasant weather are two primary reasons Tawang is counted among one of the best places to visit in India before you turn 30."," April to June, September to October","{'By air': 'The nearest airport from Tawang is Salonibari Airport, at a distance of 315 km.', 'By rail': 'The nearest railhead is Tezpur Railway Station, 385 km away.', 'By road': 'Tawang is 1404 km away from Kolkata, a nearest major city from Tawang. Make sure you make sufficient stops enroute.'}"," Tawang Monastery, Nuranang Waterfall, Tawang War Memorial",10.0 degree Celsius
Manikaran,https://img.traveltriangle.com/blog/wp-content/uploads/2023/06/Manikaran.jpg,"A pilgrimage centre for Hindus and Sikhs, Manikaran is most popular for its hot springs. With religious tourists pouring in large numbers, it has become quite crowded. Manikaran is located 90 km from Manali. Descend on this area of worship and seek the blessings of Gods. It is considered one of the best places to visit in India before you turn 30.", April to June,"{'By air': 'Bhuntar airport is 24 km away from Manikaran.', 'By rail': 'The nearest railhead is Summer Hill Railway Station, 106 km away.', 'By road': 'The best way to reach Manikaran from Pathankot is to go on a bus to Bhuntar and then take a local bus.'}"," Grahan Street, Chalal Trek Trail, Gurudwara Shri Manikaran Sahib.",28.6-degree Celsius
Shimoga,https://img.traveltriangle.com/blog/wp-content/uploads/2023/06/Shimoga.jpg,"An offbeat and picturesque hill station, Shimoga is the true gem of Karnataka. Bestowed with verdant hills, valleys, thick forests, and wildlife, Shimoga speaks of nothing but surreal and scenic beauty. With a pleasant climate and mesmerizing sceneries, you will have the time of your life here. It is considered as one of the most offbeat places to visit in India before you turn 30.", March to June,"{'By air': 'The nearest International Airport is Mangalore Airport, Mangalore, roughly 195 kms from Shimoga.', 'By rail': 'Shimoga has its own Railway Station named as Shimoga Nagar Railway Station.', 'By road': 'Shimoga is well-connected to Bhadravathi, Kadur, Banavara, Tumkur, Bangalore and Goa. You can take the Karnataka State Road Transport Corporation buses.'}"," Jog Falls, Kodachadri, Dabbe Falls, Agumbe, Gudavi Bird Sanctuary",18-25 degrees Celsius
Madikeri,https://img.traveltriangle.com/blog/wp-content/uploads/2023/06/Madikeri.jpg,"Madikeri is one of the most visited hill stations in Karnataka. Encircled by the Western Ghats, it is known for its scenic beauty, misty hills, wildlife, local cuisines, and coffee plantations. Staying in the lap of nature is nothing less than stepping into heaven. You will have a blast here. We suggest you take this trip solo. You can also take this trip with friends or family, however.", July to September,"{'By air': 'The town of Madikeri doesn’t have an airport of its own. The airport in Mangalore can be used to reach Madikeri.', 'By rail': 'The nearest railhead is Kannur, which is 113 km from Madikeri.', 'By road': 'To reach Madikeri from Mysore, you can take any government or private bus.'}"," Raja’s Seat, Madikeri Fort, Raja’s Tomb, Sree Kanchi Kamakshi Temple",23.0-degree celsius
Ranikhet,https://img.traveltriangle.com/blog/wp-content/uploads/2023/06/Ranikhet.jpg,"A lovely cantonment hill town in Uttarakhand, Ranikhet is also known as Queen’s Meadow. It is believed to be the residence of Queen Padmini of Kumaon. Revered shrines, a 9-hole golf course, rich orchards, and breathtaking nature in Ranikhet are the reasons why it is one of the best ", September to February,"{'By air': 'The nearest airport from Ranikhet is Pantnagar Airport, at a distance of 110 km.', 'By rail': 'Kathgodam Railway Station is the nearest major railhead near Ranikhet. Both are located 75 km away from each other.', 'By road': 'Nearest major city from Ranikhet is Delhi, 355 km away from each other.'}"," Jhula Devi Temple, Mankameshwar Temple, Bhalu Dam",14. 8 degree Celsius
Kausani,https://img.traveltriangle.com/blog/wp-content/uploads/2023/06/Kausani.jpg,"Located in the Bageshwar district of Uttarakhand, Kausani is a perfect getaway away from the hustle and bustle of the city. Kausani is famous for its 300 km wide scenic views of some of the tallest peaks of the Himalayas like Nanda Devi and Panchachuli. Kausani weather is mild and hovers around 9 to 26 degrees. It is considered as one of the best places to visit in India before you turn 30.", April to June,"{'By air': 'The nearest airport to Kausani is Pantnagar (177 km).', 'By rail': 'One can take a train from anywhere in India to Kathgodam near Nainital, and further take a short bus ride of 4 hours (136km) to reach Kausani.', 'By road': 'You can hire a cab from New Delhi or your drive your own car to cover the 401 km distance which will take up to 10 hours.'}"," Gandhi Ashram, Rudradhari Falls and Caves, Baijnath Temple",25 – 35 degrees Celsius
Agumbe,https://img.traveltriangle.com/blog/wp-content/uploads/2023/06/Agumbe.jpg,"Known for its scenic beauty and biodiversity, Agumbe is a settlement situated in Karnataka. The lush rainforest also has many popular waterfalls such as Bakarna, Onake Abbi, and Jogi Gundi Falls. There is a sunset viewpoint as well where you can enjoy the evening. If you are a wildlife enthusiast, you will be excited to know that there are some wild species that you can spot here like leopards and tigers.", October to February,"{'By air': 'Known for its scenic beauty and biodiversity, Agumbe is a settlement situated in Karnataka. The lush rainforest also has many popular waterfalls such as Bakarna, Onake Abbi, and Jogi Gundi Falls. There is a sunset viewpoint as well where you can enjoy the evening. If you are a wildlife enthusiast, you will be excited to know that there are some wild species that you can spot here like leopards and tigers.', 'By rail': 'October to February', 'By road': 'The nearest airport is Mangaluru Airport located about 95 km away from Agumbe village.'}"," The nearest airport is Mangaluru Airport located about 95 km away from Agumbe village.,
, The closest railway stations is Udupi Railway Station (about 50 km away).,
, You can directly take a bus from Bangalore going to Thirthahalli and then another bus from there to Agumbe.,
, Enchanting waterfalls, sunset viewpoint, Sri Venugopala Krishna Swamy Temple",23.5 degree Celsius
Munnar,https://img.traveltriangle.com/blog/wp-content/uploads/2023/06/Munnar1.jpg,"Munnar is a place which is known for its beautiful tea gardens, lakes and pretty hill stations. Located at the Western Ghats, this is one of the best places to visit in India with friends and family. This beautiful hill station is the commercial centre for some of the biggest tea estates of the world. In addition to this the hill station is considered to be one of the most protected areas where some of the endemic and endangered species live."," September To November, January To March","{'By air': 'Munnar is a place which is known for its beautiful tea gardens, lakes and pretty hill stations. Located at the Western Ghats, this is one of the best places to visit in India with friends and family. This beautiful hill station is the commercial centre for some of the biggest tea estates of the world. In addition to this the hill station is considered to be one of the most protected areas where some of the endemic and endangered species live.', 'By rail': 'September To November, January To March', 'By road': 'The nearest airport is the Cochin International Airport located 125 km away'}"," Eravikulam National Park, Salim Ali Bird Sanctuary, Tea Plantations", 19.4 degree celsius
Gangtok,https://img.traveltriangle.com/blog/wp-content/uploads/2023/06/Gangtok.jpg,"With the spectacular view of the Mt. Kanchenjunga in the backdrop and the alluring clouds covering the peaks, Gangtok appears to be an intact painted picture. This beautiful hill station is located amidst the mountains and clouds. And alongside that it is also a base for many trekkers who hike up to the Himalayan ranges. It is one of the most beautiful hill stations which has a blend of traditions and urbanisation.", Late September to November and March to June,"{'By air': 'With the spectacular view of the Mt. Kanchenjunga in the backdrop and the alluring clouds covering the peaks, Gangtok appears to be an intact painted picture. This beautiful hill station is located amidst the mountains and clouds. And alongside that it is also a base for many trekkers who hike up to the Himalayan ranges. It is one of the most beautiful hill stations which has a blend of traditions and urbanisation.', 'By train': 'Late September to November and March to June', 'By road': 'The nearest airport is Bagdogra, West Bengal which is 124 kilometres away'}"," Nathu La Pass, Rumtek Monastery, MG Road", 22 degree celsius
New_Delhi,https://img.traveltriangle.com/blog/wp-content/uploads/2019/06/Lodhi_Garden_Delhi_India1.jpg,"The capital of India, Delhi brims with all the hustle bustle for the entire day. This metropolitan city reflects a beautiful blend of history and modernity with its monuments and fancy shopping places. Alongside that, the place is also famous for its incredible Delhi University which is renowned worldwide. There is a beautiful blend of culture and traditions which makes this city one of the top 25 tourist places in India.", October To March,"{'By air': 'The capital of India, Delhi brims with all the hustle bustle for the entire day. This metropolitan city reflects a beautiful blend of history and modernity with its monuments and fancy shopping places. Alongside that, the place is also famous for its incredible Delhi University which is renowned worldwide. There is a beautiful blend of culture and traditions which makes this city one of the top 25 tourist places in India.', 'By train': 'October To March', 'By road': 'The nearest airport is Indira Gandhi International Airport'}"," Humayun’s Tomb, Qutub Minar, Red Fort, Akshardham Temple", 7 Degree Celsius
Kanha_National_Park,https://img.traveltriangle.com/blog/wp-content/uploads/2023/06/Kanha-National-Park.jpg,"Situated at the central region of Madhya Pradesh, the ", Mid-October to June,"{'By air': 'Situated at the central region of Madhya Pradesh, the', 'By train': 'is quite a famous place to visit. This is known as one of the best parks in Asia which shelters around 22 species of large mammals. Alongside that this place is also one of the well-known tiger reserves. Established in 1955, people visit this park to enjoy an exciting wildlife safari.', 'By road': 'Mid-October to June'}"," Mogli Resorts, Kanha Resort, Kanha Jungle Lodge", 14 Degree Celsius
Mussoorie,https://img.traveltriangle.com/blog/wp-content/uploads/2023/06/MUSSOORIEINDIA.jpg,"Mussoorie is considered to be one of the best places to visit in India with friends in Uttarakhand. Resting at the foothills of the Garhwal Himalayan ranges, this place is also known as the “Queen of Hills”. Located at a height of 7000 feet above sea level, this place has so much to offer beyond the pleasant climate and natural beauty of the hills.", September To June,"{'By air': 'Mussoorie is considered to be one of the best places to visit in India with friends in Uttarakhand. Resting at the foothills of the Garhwal Himalayan ranges, this place is also known as the “Queen of Hills”. Located at a height of 7000 feet above sea level, this place has so much to offer beyond the pleasant climate and natural beauty of the hills.', 'By road': 'September To June'}","
, The nearest airport from Mussoorie is the Jolly Grant Airport which is located 30 kms away,
, The hill station is well-connected with the major cities by the roadways and one can also hire a taxi from Dehradun or New Delhi to Mussoorie.,
, Lal Tibba, Kempty Falls, Gun Hill", 4 Degree Celsius
Tirupati,https://img.traveltriangle.com/blog/wp-content/uploads/2023/06/Tirupati.jpg,"Located at the Chittoor district of Andhra Pradesh, Tirupati is famous for its majestic Venkateshwara Temple which is one of the most famous pilgrimage centres in India. Tirupati is believed to be one of the oldest cities which is mentioned in the ancient scriptures. And alongside that, people can see devotees rushing to the temple to take one glimpse of the 8-feet tall idol of Lord Venkateshwara. The religious place is counted as one of the best places to visit in India for believers.", September To February,"{'By air': 'Located at the Chittoor district of Andhra Pradesh, Tirupati is famous for its majestic Venkateshwara Temple which is one of the most famous pilgrimage centres in India. Tirupati is believed to be one of the oldest cities which is mentioned in the ancient scriptures. And alongside that, people can see devotees rushing to the temple to take one glimpse of the 8-feet tall idol of Lord Venkateshwara. The religious place is counted as one of the best places to visit in India for believers.', 'By train': 'September To February'}"," Sri Venkateswara Temple, Swami Pushkarini Lake, City Shopping, Vedadri Narasimha Swamy Temple", 20 Degree Celsius
Vaishno_Devi,https://img.traveltriangle.com/blog/wp-content/uploads/2019/12/Vaishno-Devi.jpg,"Vaishno Devi is a holy cave that holds major importance in India and every year experience a vast number of devotees coming there. This place is located close to the Trikuta Hills, which is 13 kms away from Katra. This Holy Shrine was incepted in 1986 and since then the devotees come to this place to seek the blessings. This is one of the most famous places in India which must be visited at least once in a lifetime.", March To October,"{'By air': 'Vaishno Devi is a holy cave that holds major importance in India and every year experience a vast number of devotees coming there. This place is located close to the Trikuta Hills, which is 13 kms away from Katra. This Holy Shrine was incepted in 1986 and since then the devotees come to this place to seek the blessings. This is one of the most famous places in India which must be visited at least once in a lifetime.', 'By train': 'March To October', 'By road': 'The nearest airport from Katra is Jammu Airport or Sarwari Airport'}","
, The nearest airport from Katra is Jammu Airport or Sarwari Airport,
, The nearest railhead is Katra and connects the major cities,
, Buses run from Delhi, Amritsar, Jammu Tawi at affordable prices,
, Ardh Kuwari Cave, Bhairavnath Temple, Dera Baba Banda, Katra", 11 Degree Celsius
Alleppey,https://img.traveltriangle.com/blog/wp-content/uploads/2023/06/Alleppey.jpg,"Also called Alappuzha, Alleppey is a beautiful city located in the South Indian State of Kerala and surrounded by the Laccadive Sea. Enclosed by the green paddy fields and the surreal avifauna, Alleppey is a place which is worth visiting. Counted as one of the dream places to visit in India, Alleppey is a home to backwaters, beaches and beautiful lagoons.", October and February,"{'By air': 'Also called Alappuzha, Alleppey is a beautiful city located in the South Indian State of Kerala and surrounded by the Laccadive Sea. Enclosed by the green paddy fields and the surreal avifauna, Alleppey is a place which is worth visiting. Counted as one of the dream places to visit in India, Alleppey is a home to backwaters, beaches and beautiful lagoons.', 'By train': 'October and February', 'By road': 'There are no direct flights from Alleppey. To reach the place the nearest airport is Kochi which is located at a distance of 60kms.'}","
, There are no direct flights from Alleppey. To reach the place the nearest airport is Kochi which is located at a distance of 60kms.,
, Alappuzha railway station is the nearest station to reach Alleppey.,
, Buses run at very short intervals from places like Thiruvananthapuram, Kochi and many other neighbouring places.,
, Alappuzha Beach, Kumarakom Bird Sanctuary, Vembanad Lake, Nehru Trophy Boat Race", 30 Degree Celsius
Bangalore,https://img.traveltriangle.com/blog/wp-content/uploads/2023/06/UB_City_Bangalore.jpg,"Popularly called the Silicon Valley of India, Bangalore is one of the finest cities which is also considered to be one of the safe places to visit in India. Known for its amazing weather and majestic architectures surrounded by lush-green parks. The city has modern malls fancy cafes and restaurants and also Botanical gardens which is perfect to take a stroll.", November – February,"{'By air': 'Popularly called the Silicon Valley of India, Bangalore is one of the finest cities which is also considered to be one of the safe places to visit in India. Known for its amazing weather and majestic architectures surrounded by lush-green parks. The city has modern malls fancy cafes and restaurants and also Botanical gardens which is perfect to take a stroll.', 'By train': 'November – February', 'By road': 'KempeGowda International Airport is the only airport which connects with 10 domestic and 21 international airlines.'}","
, KempeGowda International Airport is the only airport which connects with 10 domestic and 21 international airlines.,
, There are 2 rail terminals in Bangalore – Bangalore City and Yeshwantpur Junction,
, Government and Private buses run from Mumbai, Goa, Chennai and Hyderabad,
, Bangalore Palace, Cubbon Park, MG Road, Lal Bagh and UB City Mall", 27 Degree Celsius
Jaipur,https://img.traveltriangle.com/blog/wp-content/uploads/2023/06/Jaipur_India_Gate.jpg,"Jaipur is the capital city of Rajasthan which is also called the Pink City. This place is known for its rich culture and heritage which is formed since many centuries. Jaipur city comes under the Golden Triangle and makes one of the most famous places in India to visit. From the magnificent palaces to the vibrant markets, there is a lot to explore. The vibrant Pink City is one of the best places to visit in India.", November-March,"{'By air': 'Jaipur is the capital city of Rajasthan which is also called the Pink City. This place is known for its rich culture and heritage which is formed since many centuries. Jaipur city comes under the Golden Triangle and makes one of the most famous places in India to visit. From the magnificent palaces to the vibrant markets, there is a lot to explore. The vibrant Pink City is one of the best places to visit in India.', 'By train': 'November-March', 'By road': 'The nearest airport is the Sanganer airport which is well connected with all the major cities'}","
, The nearest airport is the Sanganer airport which is well connected with all the major cities,
, Shatabdi Express connects Jaipur to all the major cities,
, There are buses by RSRTC which runs on frequent intervals and connects to major cities,
, Amer Fort, City Palace, Nahargarh Fort, Hawa Mahal", 20 Degree Celsius
Chandigarh,https://img.traveltriangle.com/blog/wp-content/uploads/2020/10/Chandigarh-400x229.jpg,Chandigarh is one of the famous places to visit in India, August-March,"{'By air': 'Chandigarh is one of the famous places to visit in India', 'By train': 'It is India’s first planned cities and is one of the famous weekend road trip destinations. Some of the prominent attractions which attracts tourists to Chandigarh are Sukhna Lake, Rock Garde, Rose Garden, the Lesiure Valley and Capitol Complex.', 'By road': 'August-March'}","
, Chandigarh airport is well connected with all the major cities,
, Chandigarh railway station has frequent trains plying from New Delhi,
, Excellent road connectivity with other neighbouring cities,
, Rose Garden, Rock Garden, Sukhna Lake", 29 Degree Celsius
Lonavala,https://img.traveltriangle.com/blog/wp-content/uploads/2020/10/Lonavala-400x229.jpg,"Another popular tourist place to visit in India during Monsoon is Lonavala. It is the most visited hill station in Maharashtra and is a popular destination for camping, trekking and other thrilling sports. It allures tourists with its beauty. Surrounding by gorgeous waterfalls and forests, it is a must-visit place for all nature lovers.", Throughout the year,"{'By air': 'Another popular tourist place to visit in India during Monsoon is Lonavala. It is the most visited hill station in Maharashtra and is a popular destination for camping, trekking and other thrilling sports. It allures tourists with its beauty. Surrounding by gorgeous waterfalls and forests, it is a must-visit place for all nature lovers.', 'By train': 'Throughout the year', 'By road': 'Lohegaon airport is the nearest airport which is well connected with all the major cities'}","
, Lohegaon airport is the nearest airport which is well connected with all the major cities,
, Lonavala has its own railway station and trains to and fro are available on a regular basis,
, Regular state and private buses operate regularly to Lonavala,
, Tiger’s Leap, Imagica, Karla Caves", 24 Degree Celsius
Coonoor,https://img.traveltriangle.com/blog/wp-content/uploads/2023/06/Coonoor2.jpg,"Coonoor is a serene hill station located in Tamil Nadu that is known for its tea estates. Being surrounded by Nilgiri Hills, the place attracts nature lovers from across the country. Roses, eucalyptus trees, and rhododendrons are in abundance, especially at Sim’s Park. The steam Nilgiri Mountain Railway passes through Coonoor and offers the spellbinding views of lush green Nilgiri Hills.", October to February,"{'By flight': 'Coonoor is a serene hill station located in Tamil Nadu that is known for its tea estates. Being surrounded by Nilgiri Hills, the place attracts nature lovers from across the country. Roses, eucalyptus trees, and rhododendrons are in abundance, especially at Sim’s Park. The steam Nilgiri Mountain Railway passes through Coonoor and offers the spellbinding views of lush green Nilgiri Hills.', 'By road': 'October to February', 'By train': 'The Coimbatore International Airport is situated in Coimbatore which is about 110kms from the city.'}", 17-degree Celsius, 17-degree Celsius
Ajmer,https://img.traveltriangle.com/blog/wp-content/uploads/2023/06/Ajmer.jpg,"Ajmer, the mystic home to Dargah Ajmer Sharif, attracts visitors from across the globe. The dargah was the place where Muslim Sufi Saint Khwaja Garib Nawaz resided and imparted his teachings. The site is truly unique as you will see travelers and pilgrims of different religions bowing under the same roof with the same respect. The place also hosts yearly Sufi music festivals where Qalams by popular Sufi saints are performed. Ajmer also features prominent historical sites that were commissioned by Mughals and exhibits Indo-Saracenic style of architecture. This is one of the best places to visit in India.", September to June,"{'By flight': 'Ajmer, the mystic home to Dargah Ajmer Sharif, attracts visitors from across the globe. The dargah was the place where Muslim Sufi Saint Khwaja Garib Nawaz resided and imparted his teachings. The site is truly unique as you will see travelers and pilgrims of different religions bowing under the same roof with the same respect. The place also hosts yearly Sufi music festivals where Qalams by popular Sufi saints are performed. Ajmer also features prominent historical sites that were commissioned by Mughals and exhibits Indo-Saracenic style of architecture. This is one of the best places to visit in India.', 'By road': 'September to June', 'By train': 'the Jaipur International Airport in Jaipur is the closest Airport which is nearly 132 km. From there you can hire a cab and reach Ajmer.'}",, 24.7-degree Celsius
Varkala,https://img.traveltriangle.com/blog/wp-content/uploads/2023/06/Varkala.jpg,"Varkala is the hidden treasure of Kerala which is known for the unique 15m high Northern Cliff that is associated with the Arabian Sea. The hippie culture here is world-known, the cliffs serve amazing seafood & play global music. The place is also known for Janardhana Swami Temple, also known as Dakshin Kashi.", October to February,"{'By flight': 'Varkala is the hidden treasure of Kerala which is known for the unique 15m high Northern Cliff that is associated with the Arabian Sea. The hippie culture here is world-known, the cliffs serve amazing seafood & play global music. The place is also known for Janardhana Swami Temple, also known as Dakshin Kashi.', 'By road': 'October to February', 'By train': 'there is no direct flight connected to Varkala, so the nearest airport is Thiruvananthapuram around 40km away from the same.'}",, 27-degree Celsius
Poovar,https://img.traveltriangle.com/blog/wp-content/uploads/2023/06/Poovar.jpg,"A small rustic town located 27 km from Thiruvananthapuram with the least explored golden sand beaches and beautiful backwaters of Kerala. Also popular as a fishing village, Poovar Island is found between the Neyyar River and the Arabian Sea. When here hire a boat ( specifically during the sunset) and it will give you a backwater tour of the mangrove forest which is a must-visit activity. The serenity of Poovar make it one of the best places to visit in India in Deember.", November – February,"{'By airport': 'A small rustic town located 27 km from Thiruvananthapuram with the least explored golden sand beaches and beautiful backwaters of Kerala. Also popular as a fishing village, Poovar Island is found between the Neyyar River and the Arabian Sea. When here hire a boat ( specifically during the sunset) and it will give you a backwater tour of the mangrove forest which is a must-visit activity. The serenity of Poovar make it one of the best places to visit in India in Deember.', 'By road': 'November – February', 'By train': 'The nearest airport to Poovar is the Trivandrum International Airport, which is 38km away and has regular flights from the major cities in the country. Taxis & local state transport buses are easily available.'}",, 26-degree Celsius
Kanyakumari,https://img.traveltriangle.com/blog/wp-content/uploads/2023/06/Kanyakumari.jpg,"The southernmost tip of the Indian Peninsula is environed by three seas- Indian, Arabian, and the Bay of Bengal. Kanyakumari was earlier known as Cape Comorin. The place is a mountainous terrain amid three seas, with tall & bold coconut trees, hills & dotted with paddy fields. Apart from this, Kanyakumari is also the only place in the country where you can observe the sunrise and sunset at the same beach. It is among the best places to visit in India which makes travelers spellbound from its splendid beauty.", October to February,"{'By flight': 'The southernmost tip of the Indian Peninsula is environed by three seas- Indian, Arabian, and the Bay of Bengal. Kanyakumari was earlier known as Cape Comorin. The place is a mountainous terrain amid three seas, with tall & bold coconut trees, hills & dotted with paddy fields. Apart from this, Kanyakumari is also the only place in the country where you can observe the sunrise and sunset at the same beach. It is among the best places to visit in India which makes travelers spellbound from its splendid beauty.', 'By road': 'October to February', 'By train': 'the closest airport to Kanyakumari is Trivandrum International Airport, which is located 67kms away from Kanyakumari. From here you can take buses or cabs to reach Kanyakumari.'}",, 31-degree Celsius
Khajuraho,https://img.traveltriangle.com/blog/wp-content/uploads/2023/06/Khajuraho3.jpg,"A UNESCO World Heritage Site situated in Madhya Pradesh. The site is popular across the world for its marvelous temples adorned with sensuous and attractive carvings. The architecture of this place aims to depict the erotic forms of love, the illustrations on the wall portray passion in the most aesthetic and appealing ways. Built during 950 to 1050 AD the carvings show a paradox with the conventional Indian ideals that leave the visitors spellbound. The archaeological marvels of Khajurao make it one of the best places to visit in North India.", October to February,"{'By flight': 'A UNESCO World Heritage Site situated in Madhya Pradesh. The site is popular across the world for its marvelous temples adorned with sensuous and attractive carvings. The architecture of this place aims to depict the erotic forms of love, the illustrations on the wall portray passion in the most aesthetic and appealing ways. Built during 950 to 1050 AD the carvings show a paradox with the conventional Indian ideals that leave the visitors spellbound. The archaeological marvels of Khajurao make it one of the best places to visit in North India.', 'By road': 'October to February'}",, 25.8-degree Celsius
Pushkar,https://img.traveltriangle.com/blog/wp-content/uploads/2023/06/Pushkar.jpg,"Pushkar, a lively town bordering the Thar Desert is a prominent religious site and being a proud home to the world-famous ", September to April,"{'By flights': 'Pushkar, a lively town bordering the Thar Desert is a prominent religious site and being a proud home to the world-famous', 'By road': ', welcomes tourists from across the world during the festival. This is one of the best places to visit in India.\xa0The town is nestled along the Pushkar Lake which comprises 52 ghats (stone staircase) where pilgrims perform rituals and take holy dips. There are over hundreds of temples at Pushkar, however, Jagatpita Brahma Mandir is the most popular amongst them. The temple was constructed in the 14th century and exhibits exclusive architecture.', 'By train': 'September to April'}",, 24.8-degree Celsius
Wayanad,https://img.traveltriangle.com/blog/wp-content/uploads/2023/06/Wayanad1.jpg,"Known as Nature’s Abode, Wayanad houses archaic historical caves, welcoming resorts, magical waterfalls & amazing homestays. The place is also famous for its spice plantations and wildlife. When here tour the spice plantations and trek at the prehistoric caves. This is one of the best places to visit in India.", throughout the year,"{'By flight': 'Known as Nature’s Abode, Wayanad houses archaic historical caves, welcoming resorts, magical waterfalls & amazing homestays. The place is also famous for its spice plantations and wildlife. When here tour the spice plantations and trek at the prehistoric caves. This is one of the best places to visit in India.'}",,25.6-degree Celsius
Gulmarg,https://img.traveltriangle.com/blog/wp-content/uploads/2023/06/Gulmarg.jpg,"If you are fond of winters & love to play with snow then Gulmarg should definitely be on your list of must visit places in India before you turn 31. Situated at an altitude of 2730 m above sea level, the place is a famous skiing destination in Pir Panjal Range of Union Territory of Jammu & Kashmir. Dotted by snow-covered lofty Himalayas, lush green valleys, bloomed flowers, and deep ravined, Gulmarg possesses the world’s second-highest Gondola ride.",March to June,"{'By flight': 'If you are fond of winters & love to play with snow then Gulmarg should definitely be on your list of must visit places in India\xa0before you turn 31. Situated at an altitude of 2730 m above sea level, the place is a famous skiing destination in Pir Panjal Range of Union Territory of Jammu & Kashmir. Dotted by snow-covered lofty Himalayas, lush green valleys, bloomed flowers, and deep ravined, Gulmarg possesses the world’s second-highest Gondola ride.', 'By road': 'March to June', 'By train': 'the closest airport to Gulmarg is Srinagar Airport which is well-connected to all the major airports of the country.'}",, 7.6-degree Celsius
Shirdi,https://img.traveltriangle.com/blog/wp-content/uploads/2023/06/Shirdi1.jpg,"Called the Land of Sai Baba, Shirdi is a religious site close to Nasik with multiple temples & few historical places. Situated in Ahmednagar district the place holds strong significance as a holy and pilgrim place for the devotees of Sai Baba. This small town is brimming with religious spots & things which will soothe the tourist in India. The aura is fresh and carries chants lingering with spirituality.", June to February,"{'By flights': 'Called the Land of Sai Baba, Shirdi is a religious site close to Nasik with multiple temples & few historical places. Situated in Ahmednagar district the place holds strong significance as a holy and pilgrim place for the devotees of Sai Baba. This small town is brimming with religious spots & things which will soothe the tourist in India. The aura is fresh and carries chants lingering with spirituality.', 'By road': 'June to February', 'By train': 'the Aurangabad airport is the nearest to Shirdi. Post arriving at the airport you can take a bus to Shirdi.'}",, 25.7-degree Celsius
Madurai,https://img.traveltriangle.com/blog/wp-content/uploads/2023/06/Madurai.jpg,"The cultural capital of Tamil Nadu, this is the oldest continuously-inhabited most beautiful city in India. Built-in the shape of a lotus, thus known as ‘The Lotus City’. Visit the place and explore the Meenakshi Amman temple with your family here, and seek some positivity. This ancient city is among the best places to go in India.", October to March,"{'By flight': 'The cultural capital of Tamil Nadu, this is the oldest continuously-inhabited most beautiful city in India. Built-in the shape of a lotus, thus known as ‘The Lotus City’. Visit the place and explore the Meenakshi Amman temple with your family here, and seek some positivity. This ancient city is among the best places to go in India.', 'By road': 'October to March', 'By train': 'flights are very convenient as the airport is just 10 km from the main city.'}",, 28.8-degree Celsius
Bodh_Gaya,https://img.traveltriangle.com/blog/wp-content/uploads/2023/06/Bodh-Gaya.jpg,"Now the UNESCO World Heritage Site, Bodh Gaya is famous for the ", October to March,"{'By flight': 'Now the UNESCO World Heritage Site, Bodh Gaya is famous for the', 'By road': '. It was here under the Bodhi tree that Gautama Buddha attained enlightenment. Thus the place is also known as the Land of Nirvana. Undoubtedly, this is among the best places to visit in India.', 'By train': 'October to March'}",, 26.5-degree Celsius
Ranchi,https://img.traveltriangle.com/blog/wp-content/uploads/2023/06/Ranchi.jpg,"For all those who love waterfalls, the city is surrounded by dense forests, and the beautiful river Subarnekha and houses the most beautiful waterfalls. There are hardly any sightseeing spots in Ranchi, but because of better flight connectivity, the natural surroundings of Ranchi have become quite famous among holidaymakers.", November to February,"{'By flight': 'For all those who love waterfalls, the city is surrounded by dense forests, and the beautiful river Subarnekha and houses the most beautiful waterfalls. There are hardly any sightseeing spots in Ranchi, but because of better flight connectivity, the natural surroundings of Ranchi have become quite famous among holidaymakers.', 'By road': 'November to February', 'By train': 'The closest airport is Birsa Munda Airport, it connects Patna, Mumbai, New Delhi, Bangalore, and Kolkata via regular flights.'}",, 23.7-degree Celsius
Bokaro_Steel_City,https://img.traveltriangle.com/blog/wp-content/uploads/2023/06/Bokaro-Steel-City.jpg,"Explore the city of beautiful parks, lush greenery and beautiful makes with your best people. The place is perfect for all those looking to relax & enjoy a peaceful time with their loved ones. Apart from being the nucleus of India’s Industrial revolution back in the 1960s and 70s Bokaro has gained recognition for itself as one of the most well-planned cities in the country and is counted as one of the best places to visit in India.", September to February,"{'By flight': 'Explore the city of beautiful parks, lush greenery and beautiful makes with your best people. The place is perfect for all those looking to relax & enjoy a peaceful time with their loved ones. Apart from being the nucleus of India’s Industrial revolution back in the 1960s and 70s Bokaro has gained recognition for itself as one of the most well-planned cities in the country and is counted as one of the best places to visit in India.', 'By road': 'September to February', 'By train': 'the nearest airport to Bokaro is 120 km away, at Ranchi. One can easily hire a cab from the airport and reach Bokaro.'}",, 26.2-degree Celsius
Deoghar,https://img.traveltriangle.com/blog/wp-content/uploads/2023/06/Deoghar.jpg,Many tourists visit this place to perform the holy ritual of Rudrabhishek (the holy bath) in the holy month. While exploring the places to visit in India before you turn 30 you can visit this place if you wish to seek some spiritual vibes & positivity. This is one of the best places to visit in India on a low budget., October until March,"{'By flight': 'Many tourists visit this place to perform the holy ritual of Rudrabhishek (the holy bath) in the holy month. While exploring the places to visit in India before you turn 30 you can visit this place if you wish to seek some spiritual vibes & positivity. This is one of the best places to visit in India on a low budget.', 'By road': 'October until March', 'By train': 'there is no direct connectivity via flight to Deoghar.'}",, 25.4-degree Celsius
Bankura,https://img.traveltriangle.com/blog/wp-content/uploads/2023/06/Bankura_1.jpg,"With much historical significance, Bankura is a town known for its hills and quaint temples. The place is great for adventure enthusiasts especially those who love hiking and trekking. Apart from that, Bankura holds a significant history and is a temple city. The terracotta temples attract most of the tourists from all over the world.", October to March,"{'By flight': 'With much historical significance, Bankura is a town known for its hills and quaint temples. The place is great for adventure enthusiasts especially those who love hiking and trekking. Apart from that, Bankura holds a significant history and is a temple city. The terracotta temples attract most of the tourists from all over the world.', 'By road': 'October to March', 'By train': 'the nearest Airport to Bankura is in Kolkata. From there, you can take a bus to Bankura.'}",, 26-degree Celsius
Nalanda,https://img.traveltriangle.com/blog/wp-content/uploads/2020/10/Nalanda-400x229.jpg,"Wrapped in the spiritual aura, Nalanda is a significant Buddhist seat of academic excellence. It is also a well-established pilgrim center. Other than that, the place continues to be an equally soothing destination. It offers a beautiful fusion of spirituality, history, beauty, culture & tourism. This is one of the best places to visit in India for history lovers.", October to March,"{'By flight': 'Wrapped in the spiritual aura, Nalanda is a significant Buddhist seat of academic excellence. It is also a well-established pilgrim center. Other than that, the place continues to be an equally soothing destination. It offers a beautiful fusion of spirituality, history, beauty, culture & tourism. This is one of the best places to visit in India for history lovers.', 'By road': 'October to March', 'By train': 'the closest airport is Lok Nayak Jayaprakash International Airport in Patna which is 75km away. From there you can take a cab and reach your destination.'}",, 26.3-degree Celsius
Hazaribagh,https://img.traveltriangle.com/blog/wp-content/uploads/2023/06/Hazaribagh.jpg,"Situated in Chhota Nagpur, Hazaribagh is a stunning place with dense forests and natural formations. The dense forests in Hazaribagh are the least explored and are in the purest form all loaded with greenery. Visit this stunning place & have a soothing holiday touring the beautiful lakes with your dearies. This is one of the best places to visit in India.", November to February,"{'By flight': 'Situated in Chhota Nagpur, Hazaribagh is a stunning place with dense forests and natural formations. The dense forests in Hazaribagh are the least explored and are in the purest form all loaded with greenery. Visit this stunning place & have a soothing holiday touring the beautiful lakes with your dearies. This is one of the best places to visit in India.', 'By road': 'November to February', 'By train': 'the nearest domestic airport is Birsa Munda Airport which is 96.5 km away from Hazaribagh.'}",, 23.7-degree Celsius
,,,,{},,
,,,,{},,
